-- phpMyAdmin SQL Dump
-- version 4.5.1
-- http://www.phpmyadmin.net
--
-- Host: 127.0.0.1
-- Generation Time: Jul 21, 2018 at 04:33 PM
-- Server version: 10.1.19-MariaDB
-- PHP Version: 7.0.13

SET SQL_MODE = "NO_AUTO_VALUE_ON_ZERO";
SET time_zone = "+00:00";


/*!40101 SET @OLD_CHARACTER_SET_CLIENT=@@CHARACTER_SET_CLIENT */;
/*!40101 SET @OLD_CHARACTER_SET_RESULTS=@@CHARACTER_SET_RESULTS */;
/*!40101 SET @OLD_COLLATION_CONNECTION=@@COLLATION_CONNECTION */;
/*!40101 SET NAMES utf8mb4 */;

--
-- Database: `alijisclassrecord`
--

-- --------------------------------------------------------

--
-- Table structure for table `classrecord`
--

CREATE TABLE `classrecord` (
  `id_entry` int(255) NOT NULL,
  `lrn` varchar(255) NOT NULL,
  `student_name` varchar(255) NOT NULL,
  `student_mid` varchar(255) NOT NULL,
  `student_last` varchar(255) NOT NULL,
  `teacher_id` varchar(255) NOT NULL,
  `gender` varchar(255) NOT NULL,
  `sub` varchar(255) NOT NULL,
  `sy` varchar(255) NOT NULL,
  `grade` varchar(255) NOT NULL,
  `sec` varchar(255) NOT NULL,
  `w1` int(255) NOT NULL,
  `w2` int(255) NOT NULL,
  `w3` int(255) NOT NULL,
  `w4` int(255) NOT NULL,
  `w5` int(255) NOT NULL,
  `w6` int(255) NOT NULL,
  `w7` int(255) NOT NULL,
  `w8` int(255) NOT NULL,
  `w9` int(255) NOT NULL,
  `w10` int(255) NOT NULL,
  `wPS` varchar(255) NOT NULL,
  `wWS` varchar(255) NOT NULL,
  `p1` int(255) NOT NULL,
  `p2` int(255) NOT NULL,
  `p3` int(255) NOT NULL,
  `p4` int(255) NOT NULL,
  `p5` int(255) NOT NULL,
  `p6` int(255) NOT NULL,
  `p7` int(255) NOT NULL,
  `p8` int(255) NOT NULL,
  `p9` int(255) NOT NULL,
  `p10` int(255) NOT NULL,
  `pPS` varchar(255) NOT NULL,
  `pWS` int(255) NOT NULL,
  `qa` int(255) NOT NULL,
  `qPS` varchar(255) NOT NULL,
  `qWS` varchar(255) NOT NULL,
  `IG` varchar(255) NOT NULL,
  `QG` varchar(255) NOT NULL,
  `quarter` varchar(255) NOT NULL
) ENGINE=InnoDB DEFAULT CHARSET=latin1;

--
-- Dumping data for table `classrecord`
--

INSERT INTO `classrecord` (`id_entry`, `lrn`, `student_name`, `student_mid`, `student_last`, `teacher_id`, `gender`, `sub`, `sy`, `grade`, `sec`, `w1`, `w2`, `w3`, `w4`, `w5`, `w6`, `w7`, `w8`, `w9`, `w10`, `wPS`, `wWS`, `p1`, `p2`, `p3`, `p4`, `p5`, `p6`, `p7`, `p8`, `p9`, `p10`, `pPS`, `pWS`, `qa`, `qPS`, `qWS`, `IG`, `QG`, `quarter`) VALUES
(3, '1', 'Earl', 'a', 'Earl', '1', 'Male', 'Aral Pan', '2017-2018', 'I', '1', 1, 5, 0, 0, 0, 0, 0, 0, 0, 0, '20.00', '6.00', 5, 8, 0, 0, 0, 0, 0, 0, 0, 0, '65.00', 33, 7, '70.00', '14.00', '53.00', '73', ''),
(4, '2', 'Thalia', 'b', 'Thalia', '1', 'Female', 'Aral Pan', '2017-2018', 'I', '1', 4, 8, 0, 0, 0, 0, 0, 0, 0, 0, '40.00', '12.00', 7, 7, 0, 0, 0, 0, 0, 0, 0, 0, '70.00', 35, 8, '80.00', '16.00', '63.00', '80', ''),
(5, '123', 'mae', 'a', 'mae', '2', 'Female', 'Math', '2017-2018', 'I', '1', 6, 0, 0, 0, 0, 0, 0, 0, 0, 0, '60.00', '18.00', 0, 0, 0, 0, 0, 0, 0, 0, 0, 0, '', 0, 0, '', '', '', '', ''),
(6, '1234', 'john', 'a', 'mae', '2', 'Male', 'Math', '2017-2018', 'I', '1', 8, 0, 0, 0, 0, 0, 0, 0, 0, 0, '80.00', '24.00', 0, 0, 0, 0, 0, 0, 0, 0, 0, 0, '', 0, 0, '', '', '', '', '');

-- --------------------------------------------------------

--
-- Table structure for table `enrollstudent`
--

CREATE TABLE `enrollstudent` (
  `enroll_id` int(10) NOT NULL,
  `lrn` int(11) NOT NULL,
  `name` varchar(50) NOT NULL,
  `gender` varchar(10) NOT NULL,
  `subject_name` varchar(50) NOT NULL,
  `grade` varchar(10) NOT NULL,
  `section` int(10) NOT NULL,
  `sy` varchar(20) NOT NULL,
  `teacher_id` int(10) NOT NULL,
  `status` varchar(20) NOT NULL
) ENGINE=InnoDB DEFAULT CHARSET=latin1;

--
-- Dumping data for table `enrollstudent`
--

INSERT INTO `enrollstudent` (`enroll_id`, `lrn`, `name`, `gender`, `subject_name`, `grade`, `section`, `sy`, `teacher_id`, `status`) VALUES
(50, 1000, 'Bethanie Cox', 'Female', 'Aral Pan', '1', 1, '2016-2017', 1, ''),
(51, 1001, 'Jacque Cooley', 'Male', 'Aral Pan', '1', 1, '2016-2017', 1, ''),
(52, 1002, 'Elwood Samuels', 'Female', 'Aral Pan', '1', 1, '2016-2017', 1, ''),
(53, 1003, 'Marina Collier', 'Male', 'Aral Pan', '1', 1, '2016-2017', 1, ''),
(54, 1004, 'Damian Conrad', 'Female', 'Aral Pan', '1', 1, '2016-2017', 1, ''),
(55, 1005, 'Isaac Mckinney', 'Male', 'Aral Pan', '1', 1, '2016-2017', 1, ''),
(56, 1006, 'Eshaan Hines', 'Female', 'Aral Pan', '1', 1, '2016-2017', 1, ''),
(57, 1007, 'Haroon Leon', 'Male', 'Aral Pan', '1', 1, '2016-2017', 1, ''),
(58, 1008, 'Monica Flower', 'Female', 'Math', '2', 1, '2016-2017', 1, ''),
(59, 1009, 'Kerry Petersen', 'Male', 'Math', '2', 1, '2016-2017', 1, ''),
(60, 1010, 'Wallace Rawlings', 'Female', 'Math', '2', 1, '2016-2017', 1, ''),
(61, 1011, 'Mark Bowes', 'Male', 'Math', '2', 1, '2016-2017', 1, ''),
(62, 1012, 'Ethan Lott', 'Female', 'Math', '2', 1, '2016-2017', 1, ''),
(63, 1013, 'Beulah Bate', 'Male', 'Math', '2', 1, '2016-2017', 1, ''),
(64, 1014, 'Taylan Medina', 'Female', 'Math', '2', 1, '2016-2017', 1, ''),
(65, 1015, 'Hina Mcconnell', 'Male', 'Math', '2', 1, '2016-2017', 1, ''),
(66, 1016, 'Zaina Donald', 'Female', 'English 101', '3', 1, '2016-2017', 1, ''),
(67, 1017, 'Lena Derrick', 'Male', 'English 101', '3', 1, '2016-2017', 1, ''),
(68, 1018, 'Jayden-Lee Riddle', 'Female', 'English 101', '3', 1, '2016-2017', 1, ''),
(69, 1019, 'Damon Short', 'Male', 'English 101', '3', 1, '2016-2017', 1, ''),
(70, 1020, 'Samira Zimmerman', 'Female', 'English 101', '3', 1, '2016-2017', 1, ''),
(71, 1021, 'Bruno Hawes', 'Male', 'Science1001', '4', 1, '2016-2017', 1, ''),
(72, 1022, 'Paloma Wu', 'Female', 'Science1001', '4', 1, '2016-2017', 1, ''),
(73, 1023, 'Ava-Mai Santana', 'Male', 'Science1001', '4', 1, '2016-2017', 1, ''),
(74, 1024, 'Bobbie Potts', 'Female', 'Science1001', '4', 1, '2016-2017', 1, ''),
(75, 1025, 'Jac Mac', 'Male', 'Science1001', '4', 1, '2016-2017', 1, ''),
(76, 1026, 'Heath Gutierrez', 'Female', 'Science1001', '4', 1, '2016-2017', 1, ''),
(77, 1027, 'Tala Phelps', 'Male', 'Science1001', '4', 1, '2016-2017', 1, ''),
(78, 1028, 'Donnell Goodman', 'Female', 'Science1001', '4', 1, '2016-2017', 1, ''),
(79, 1029, 'Zion Mckenna', 'Male', 'Science1001', '4', 1, '2016-2017', 1, ''),
(80, 1030, 'Krista Halliday', 'Female', 'Science1001', '4', 1, '2016-2017', 1, ''),
(81, 1031, 'Eloisa Griffith', 'Male', 'REED4', '5', 1, '2016-2017', 1, ''),
(82, 1032, 'Ashwin Roach', 'Female', 'REED4', '5', 1, '2016-2017', 1, ''),
(83, 1033, 'Ariella Mahoney', 'Male', 'REED4', '5', 1, '2016-2017', 1, ''),
(84, 1034, 'Asa Berry', 'Female', 'REED4', '5', 1, '2016-2017', 1, ''),
(85, 1035, 'Meadow Lee', 'Male', 'REED4', '5', 1, '2016-2017', 1, ''),
(86, 1036, 'Frankie Hutton', 'Female', 'REED4', '5', 1, '2016-2017', 1, ''),
(87, 1037, 'Haroon Villegas', 'Male', 'SPECOM', '6', 1, '2016-2017', 1, ''),
(88, 1038, 'Humairaa Hart', 'Female', 'SPECOM', '6', 1, '2016-2017', 1, ''),
(89, 1039, 'Ricardo Berger', 'Male', 'SPECOM', '6', 1, '2016-2017', 1, ''),
(90, 1040, 'Krystal Merritt', 'Female', 'SPECOM', '6', 1, '2016-2017', 1, ''),
(91, 1041, 'Ivor Erickson', 'Male', 'SPECOM', '6', 1, '2016-2017', 1, ''),
(92, 1042, 'Stanley Dyer', 'Female', 'SPECOM', '6', 1, '2016-2017', 1, ''),
(93, 1043, 'Breanna Lozano', 'Male', 'SPECOM', '6', 1, '2016-2017', 1, ''),
(94, 1044, 'Jana Rennie', 'Female', 'SPECOM', '6', 1, '2016-2017', 1, ''),
(95, 1045, 'Mai Schultz', 'Male', 'SPECOM', '6', 1, '2016-2017', 1, ''),
(96, 1046, 'Yaqub Whitehouse', 'Female', 'SPECOM', '6', 1, '2016-2017', 1, ''),
(97, 1047, 'Eileen Pate', 'Female', 'Aral Pan', '1', 1, '2017-2018', 1, ''),
(99, 1049, 'Anisha Sanders', 'Female', 'Aral Pan', '1', 1, '2017-2018', 1, ''),
(100, 1050, 'Beatrice Beltran', 'Male', 'Aral Pan', '1', 1, '2017-2018', 1, ''),
(101, 1051, 'Naomi Alfaro', 'Female', 'Math', '2', 1, '2017-2018', 1, ''),
(102, 1052, 'Shyla Hughes', 'Male', 'Math', '2', 1, '2017-2018', 1, ''),
(103, 1053, 'Kiefer Mendoza', 'Female', 'Math', '2', 1, '2017-2018', 1, ''),
(104, 1054, 'Sarah-Jayne Thomas', 'Male', 'Math', '2', 1, '2017-2018', 1, ''),
(105, 1055, 'Kaden Gordon', 'Female', 'Math', '2', 1, '2017-2018', 1, ''),
(106, 1056, 'Ace Ward', 'Male', 'Math', '2', 1, '2017-2018', 1, ''),
(107, 1057, 'Teegan Moss', 'Female', 'Math', '2', 1, '2017-2018', 1, ''),
(108, 1058, 'Jedd Greer', 'Male', 'Math', '2', 1, '2017-2018', 1, ''),
(109, 1059, 'Lucien Robin', 'Female', 'Math', '2', 1, '2017-2018', 1, ''),
(110, 1060, 'Mercedes Bob', 'Male', 'Math', '2', 1, '2017-2018', 1, ''),
(111, 1061, 'Jemma Riggs', 'Female', 'Math', '2', 1, '2017-2018', 1, ''),
(112, 1062, 'Sebastien Holding', 'Male', 'Math', '2', 1, '2017-2018', 1, ''),
(113, 1063, 'Kristie Mohamed', 'Female', 'English 101', '3', 1, '2017-2018', 1, ''),
(114, 1064, 'Madelyn Wainwright', 'Male', 'English 101', '3', 1, '2017-2018', 1, ''),
(115, 1065, 'Kelly Mcgregor', 'Female', 'English 101', '3', 1, '2017-2018', 1, ''),
(116, 1066, 'Gerrard Connolly', 'Male', 'English 101', '3', 1, '2017-2018', 1, ''),
(117, 1067, 'Stefan Davies', 'Female', 'English 101', '3', 1, '2017-2018', 1, ''),
(118, 1068, 'Muhammed Witt', 'Male', 'English 101', '3', 1, '2017-2018', 1, ''),
(119, 1069, 'Jim Neal', 'Female', 'English 101', '3', 1, '2017-2018', 1, ''),
(120, 1070, 'Aras Haworth', 'Male', 'English 101', '3', 1, '2017-2018', 1, ''),
(121, 1071, 'Amira Payne', 'Female', 'English 101', '3', 1, '2017-2018', 1, ''),
(122, 1072, 'Esmee Cartwright', 'Male', 'Science1001', '4', 1, '2017-2018', 1, ''),
(123, 1073, 'Lucy Conway', 'Female', 'Science1001', '4', 1, '2017-2018', 1, ''),
(124, 1074, 'Erik Sexton', 'Male', 'Science1001', '4', 1, '2017-2018', 1, ''),
(125, 1075, 'Moesha Schmitt', 'Female', 'Science1001', '4', 1, '2017-2018', 1, ''),
(126, 1076, 'Anees Grant', 'Male', 'Science1001', '4', 1, '2017-2018', 1, ''),
(127, 1077, 'Kendal Boyle', 'Female', 'Science1001', '4', 1, '2017-2018', 1, ''),
(128, 1078, 'Dillan Mcdaniel', 'Male', 'REED4', '5', 1, '2017-2018', 1, ''),
(129, 1079, 'Anas Ahmad', 'Female', 'REED4', '5', 1, '2017-2018', 1, ''),
(130, 1080, 'Alan Crowther', 'Male', 'REED4', '5', 1, '2017-2018', 1, ''),
(131, 1081, 'Layla-Mae Correa', 'Female', 'REED4', '5', 1, '2017-2018', 1, ''),
(132, 1082, 'Lilian Li', 'Male', 'REED4', '5', 1, '2017-2018', 1, ''),
(133, 1083, 'Hope Villalobos', 'Female', 'REED4', '5', 1, '2017-2018', 1, ''),
(134, 1084, 'Malaikah Mackay', 'Male', 'REED4', '5', 1, '2017-2018', 1, ''),
(135, 1085, 'Kalvin Rhodes', 'Female', 'REED4', '5', 1, '2017-2018', 1, ''),
(136, 1086, 'Tea Byers', 'Male', 'REED4', '5', 1, '2017-2018', 1, ''),
(137, 1087, 'Charlotte Burn', 'Female', 'REED4', '5', 1, '2017-2018', 1, ''),
(138, 1088, 'Ellie-Louise Underwood', 'Male', 'REED4', '5', 1, '2017-2018', 1, ''),
(139, 1089, 'Amara Hicks', 'Female', 'REED4', '5', 1, '2017-2018', 1, ''),
(140, 1090, 'Betty Costa', 'Male', 'SPECOM', '6', 1, '2017-2018', 1, ''),
(141, 1091, 'Madison Woods', 'Female', 'SPECOM', '6', 1, '2017-2018', 1, ''),
(142, 1092, 'Gianluca Gilmour', 'Male', 'SPECOM', '6', 1, '2017-2018', 1, ''),
(143, 1093, 'Pearl Church', 'Female', 'SPECOM', '6', 1, '2017-2018', 1, ''),
(144, 1094, 'Ronny Whitaker', 'Female', 'Aral Pan', '1', 1, '2018-2019', 1, 'Regular'),
(145, 1095, 'Riccardo Malone', 'Male', 'Aral Pan', '1', 1, '2018-2019', 1, 'Regular'),
(146, 1096, 'Tayla Plummer', 'Female', 'Aral Pan', '1', 1, '2018-2019', 1, 'Regular'),
(147, 1097, 'Nikolas Plant', 'Male', 'Aral Pan', '1', 1, '2018-2019', 1, 'Regular'),
(148, 1098, 'Sufyan Pierce', 'Female', 'Aral Pan', '1', 1, '2018-2019', 1, 'Regular'),
(149, 1099, 'Dilan Larson', 'Male', 'Aral Pan', '1', 1, '2018-2019', 1, 'Regular'),
(150, 1100, 'Leoni Mcdowell', 'Female', 'Aral Pan', '1', 1, '2018-2019', 1, 'Regular');

-- --------------------------------------------------------

--
-- Table structure for table `highestpossiblescores`
--

CREATE TABLE `highestpossiblescores` (
  `id` int(10) NOT NULL,
  `teacher_id` int(10) NOT NULL,
  `subject_name` varchar(100) NOT NULL,
  `school_year` int(15) NOT NULL,
  `hpsw1` int(5) NOT NULL,
  `hpsw2` int(5) NOT NULL,
  `hpsw3` int(5) NOT NULL,
  `hpsw4` int(5) NOT NULL,
  `hpsw5` int(5) NOT NULL,
  `hpsw6` int(5) NOT NULL,
  `hpsw7` int(5) NOT NULL,
  `hpsw8` int(5) NOT NULL,
  `hpsp1` int(5) NOT NULL,
  `hpsp2` int(5) NOT NULL,
  `hpsp3` int(5) NOT NULL,
  `hpsp4` int(5) NOT NULL,
  `hpsp5` int(5) NOT NULL,
  `hpsp6` int(5) NOT NULL,
  `hpsp7` int(5) NOT NULL,
  `hpsp8` int(5) NOT NULL,
  `psqa` int(5) NOT NULL,
  `grading` int(1) NOT NULL
) ENGINE=InnoDB DEFAULT CHARSET=latin1;

--
-- Dumping data for table `highestpossiblescores`
--

INSERT INTO `highestpossiblescores` (`id`, `teacher_id`, `subject_name`, `school_year`, `hpsw1`, `hpsw2`, `hpsw3`, `hpsw4`, `hpsw5`, `hpsw6`, `hpsw7`, `hpsw8`, `hpsp1`, `hpsp2`, `hpsp3`, `hpsp4`, `hpsp5`, `hpsp6`, `hpsp7`, `hpsp8`, `psqa`, `grading`) VALUES
(1, 1, 'Aral Pan', 2018, 30, 0, 0, 0, 0, 0, 0, 0, 20, 0, 0, 0, 0, 0, 0, 0, 10, 5),
(2, 1, 'Aral Pan', 2016, 20, 0, 0, 0, 0, 0, 0, 0, 0, 0, 0, 0, 0, 0, 0, 0, 0, 5),
(3, 1, 'Aral Pan', 2018, 20, 20, 0, 0, 0, 0, 0, 0, 0, 0, 0, 0, 0, 0, 0, 0, 0, 2),
(4, 1, 'Aral Pan', 2018, 20, 0, 0, 0, 0, 0, 0, 0, 0, 0, 0, 0, 0, 0, 0, 0, 0, 1);

-- --------------------------------------------------------

--
-- Table structure for table `schoolyear`
--

CREATE TABLE `schoolyear` (
  `entry_id` int(10) NOT NULL,
  `school_year` varchar(20) NOT NULL
) ENGINE=InnoDB DEFAULT CHARSET=latin1;

--
-- Dumping data for table `schoolyear`
--

INSERT INTO `schoolyear` (`entry_id`, `school_year`) VALUES
(4, '2018-2019'),
(5, '2017-2018'),
(6, '2016-2017'),
(7, '2015-2016');

-- --------------------------------------------------------

--
-- Table structure for table `sub_assign`
--

CREATE TABLE `sub_assign` (
  `assign_id` int(100) NOT NULL,
  `teacher_id` int(10) NOT NULL,
  `teacher_name` varchar(100) NOT NULL,
  `subject_name` varchar(255) NOT NULL,
  `grade` varchar(10) NOT NULL,
  `section` varchar(10) NOT NULL,
  `sy` varchar(10) NOT NULL
) ENGINE=InnoDB DEFAULT CHARSET=latin1;

--
-- Dumping data for table `sub_assign`
--

INSERT INTO `sub_assign` (`assign_id`, `teacher_id`, `teacher_name`, `subject_name`, `grade`, `section`, `sy`) VALUES
(43, 1, 'Alvins', 'Aral Pan', '1', '1', '2016-2017'),
(44, 1, 'Alvins', 'Math', '2', '1', '2016-2017'),
(45, 1, 'Alvins', 'English101', '3', '1', '2016-2017'),
(46, 1, 'Alvins', 'Science1001', '4', '1', '2016-2017'),
(47, 1, 'Alvins', 'REED4', '5', '1', '2016-2017'),
(48, 1, 'Alvins', 'SPECOM', '6', '1', '2016-2017'),
(49, 1, 'Alvins', 'Aral Pan', '1', '1', '2017-2018'),
(50, 1, 'Alvins', 'Math', '2', '1', '2017-2018'),
(51, 1, 'Alvins', 'English101', '3', '1', '2017-2018'),
(52, 1, 'Alvins', 'Science1001', '4', '1', '2017-2018'),
(53, 1, 'Alvins', 'REED4', '5', '1', '2017-2018'),
(54, 1, 'Alvins', 'SPECOM', '6', '1', '2017-2018'),
(55, 1, 'Alvins', 'Aral Pan', '1', '1', '2018-2019'),
(56, 1, 'Alvins', 'Math', '2', '1', '2018-2019'),
(57, 1, 'Alvins', 'English101', '3', '1', '2018-2019'),
(58, 1, 'Alvins', 'Science1001', '4', '1', '2018-2019'),
(59, 1, 'Alvins', 'REED4', '5', '1', '2018-2019'),
(60, 1, 'Alvins', 'SPECOM', '6', '1', '2018-2019'),
(61, 5, 'Keir', 'English101', '6', '1', '2015-2016');

-- --------------------------------------------------------

--
-- Table structure for table `tblprincipal`
--

CREATE TABLE `tblprincipal` (
  `principal_id` int(100) NOT NULL,
  `principal_name` varchar(100) NOT NULL,
  `principal_designation` varchar(100) NOT NULL,
  `principal_years` varchar(100) NOT NULL,
  `principal_teacher` int(100) NOT NULL,
  `registration_status` varchar(20) NOT NULL
) ENGINE=InnoDB DEFAULT CHARSET=latin1;

--
-- Dumping data for table `tblprincipal`
--

INSERT INTO `tblprincipal` (`principal_id`, `principal_name`, `principal_designation`, `principal_years`, `principal_teacher`, `registration_status`) VALUES
(35, 'Principals', 'Principal 2', 'Array', 300, 'Registered'),
(36, 'Test Principal', 'Principal 3', '2015-2016', 400, 'Registered');

-- --------------------------------------------------------

--
-- Table structure for table `tblsubjects`
--

CREATE TABLE `tblsubjects` (
  `subject_id` int(10) NOT NULL,
  `subject_name` varchar(100) NOT NULL,
  `subject_room` varchar(50) NOT NULL,
  `subject_schedule` varchar(50) NOT NULL,
  `subject_grade` varchar(50) NOT NULL
) ENGINE=InnoDB DEFAULT CHARSET=latin1;

--
-- Dumping data for table `tblsubjects`
--

INSERT INTO `tblsubjects` (`subject_id`, `subject_name`, `subject_room`, `subject_schedule`, `subject_grade`) VALUES
(2, 'Aral Pan', 'LC201', '8:30=9:30', 'Grade 1'),
(3, 'Math', 'SEL02', '8:30=9:30', 'Grade 2'),
(4, 'English101', 'SEL03', '10:00-11:00', 'Grade 3'),
(5, 'Science1001', 'SEL04', '11:00-12:00', 'Grade 4'),
(6, 'REED4', 'SEL05', '1:00-2:00', 'Grade 5'),
(7, 'SPECOM', 'SEL06', '2:00-3:00', 'Grade 6');

-- --------------------------------------------------------

--
-- Table structure for table `tblteacher`
--

CREATE TABLE `tblteacher` (
  `teacher_id` int(100) NOT NULL,
  `teacher_name` varchar(100) NOT NULL,
  `teacher_mid` varchar(100) NOT NULL,
  `teacher_last` varchar(100) NOT NULL,
  `teacher_bday` varchar(100) NOT NULL,
  `teacher_tin` varchar(100) NOT NULL,
  `teacher_position` varchar(100) NOT NULL,
  `teacher_plantilla` int(100) NOT NULL,
  `teacher_bp` int(100) NOT NULL,
  `teacher_attainment` varchar(100) NOT NULL,
  `registration_status` varchar(20) NOT NULL
) ENGINE=InnoDB DEFAULT CHARSET=latin1;

--
-- Dumping data for table `tblteacher`
--

INSERT INTO `tblteacher` (`teacher_id`, `teacher_name`, `teacher_mid`, `teacher_last`, `teacher_bday`, `teacher_tin`, `teacher_position`, `teacher_plantilla`, `teacher_bp`, `teacher_attainment`, `registration_status`) VALUES
(1, 'Alvins', 'Lapid', 'Yanson', 'July 30, 1996', '1009169696', 'Guidance', 10010, 69696969, 'MAED', 'Registered'),
(3, 'Alson John R. Bayon-on', '', '', '2018-06-06', '10012', 'Guidance Counselor', 10021, 1010121, 'MAED', 'Registered'),
(4, 'Steven', 'S', 'Saludares', 'May 28, 2018', '31-2312321', 'Adviser', 231231, 1231231, 'MAED', 'Registered'),
(5, 'Keir', 'S', 'Velez', 'June 03, 2018', '12-3124234', 'Adviser', 231231, 3213, 'MAED', 'Registered'),
(6, 'Leonel', 'C', 'Entes', 'June 03, 2018', '31-2321312', 'Adviser', 1232131, 131231, 'PhD', 'Registered'),
(7, 'Mark', 'S', 'Sombilla', 'June 03, 2018', '12-3123131', 'Adviser', 31231, 31231231, 'PhD', 'Registered');

-- --------------------------------------------------------

--
-- Table structure for table `tbluser`
--

CREATE TABLE `tbluser` (
  `register_id` int(50) NOT NULL,
  `user_id` int(10) NOT NULL,
  `user_username` varchar(100) NOT NULL,
  `user_password` varchar(100) NOT NULL,
  `user_role` varchar(100) NOT NULL
) ENGINE=InnoDB DEFAULT CHARSET=latin1;

--
-- Dumping data for table `tbluser`
--

INSERT INTO `tbluser` (`register_id`, `user_id`, `user_username`, `user_password`, `user_role`) VALUES
(8, 3, 'alsons', 'password123', 'Teacher'),
(14, 1, 'alvins', 'password789', 'Teacher'),
(18, 35, 'iamprincipal', 'iamprincipal', 'Principal'),
(19, 36, 'sample', 'sample', 'Principal'),
(20, 4, 'steven', 'steven', 'Teacher'),
(21, 5, 'keirve', 'keirve', 'Teacher'),
(22, 6, 'leonel', 'leonel', 'Teacher'),
(23, 7, 'markso', 'markso', 'Teacher');

-- --------------------------------------------------------

--
-- Table structure for table `test`
--

CREATE TABLE `test` (
  `id` int(10) NOT NULL,
  `name` varchar(100) NOT NULL,
  `score` varchar(100) NOT NULL,
  `teacher_id` int(10) NOT NULL,
  `subject_name` varchar(100) NOT NULL,
  `school_year` varchar(15) NOT NULL,
  `written_num` varchar(10) NOT NULL,
  `grading` int(1) NOT NULL
) ENGINE=InnoDB DEFAULT CHARSET=latin1;

--
-- Dumping data for table `test`
--

INSERT INTO `test` (`id`, `name`, `score`, `teacher_id`, `subject_name`, `school_year`, `written_num`, `grading`) VALUES
(1, 'Jacque Cooley', '53.00', 1, 'Aral Pan', '2018-2019', 'igrade', 5),
(2, 'Marina Collier', '0.00', 1, 'Aral Pan', '2018-2019', 'igrade', 5),
(3, 'Isaac Mckinney', '0.00', 1, 'Aral Pan', '2018-2019', 'igrade', 5),
(4, 'Haroon Leon', '0.00', 1, 'Aral Pan', '2018-2019', 'igrade', 5),
(5, 'Beatrice Beltran', '0.00', 1, 'Aral Pan', '2018-2019', 'igrade', 5),
(6, 'Riccardo Malone', '0.00', 1, 'Aral Pan', '2018-2019', 'igrade', 5),
(7, 'Nikolas Plant', '0.00', 1, 'Aral Pan', '2018-2019', 'igrade', 5),
(8, 'Dilan Larson', '0.00', 1, 'Aral Pan', '2018-2019', 'igrade', 5),
(9, 'Jacque Cooley', '57', 1, 'Aral Pan', '2018-2019', 'qgrade', 5),
(10, 'Marina Collier', '', 1, 'Aral Pan', '2018-2019', 'qgrade', 5),
(11, 'Isaac Mckinney', '', 1, 'Aral Pan', '2018-2019', 'qgrade', 5),
(12, 'Haroon Leon', '', 1, 'Aral Pan', '2018-2019', 'qgrade', 5),
(13, 'Beatrice Beltran', '', 1, 'Aral Pan', '2018-2019', 'qgrade', 5),
(14, 'Riccardo Malone', '', 1, 'Aral Pan', '2018-2019', 'qgrade', 5),
(15, 'Nikolas Plant', '', 1, 'Aral Pan', '2018-2019', 'qgrade', 5),
(16, 'Dilan Larson', '', 1, 'Aral Pan', '2018-2019', 'qgrade', 5),
(17, 'Bethanie Cox', '0.00', 1, 'Aral Pan', '2018-2019', 'igrade1', 5),
(18, 'Elwood Samuels', '0.00', 1, 'Aral Pan', '2018-2019', 'igrade1', 5),
(19, 'Damian Conrad', '0.00', 1, 'Aral Pan', '2018-2019', 'igrade1', 5),
(20, 'Eshaan Hines', '0.00', 1, 'Aral Pan', '2018-2019', 'igrade1', 5),
(21, 'Eileen Pate', '0.00', 1, 'Aral Pan', '2018-2019', 'igrade1', 5),
(22, 'Anisha Sanders', '0.00', 1, 'Aral Pan', '2018-2019', 'igrade1', 5),
(23, 'Ronny Whitaker', '0.00', 1, 'Aral Pan', '2018-2019', 'igrade1', 5),
(24, 'Tayla Plummer', '0.00', 1, 'Aral Pan', '2018-2019', 'igrade1', 5),
(25, 'Sufyan Pierce', '0.00', 1, 'Aral Pan', '2018-2019', 'igrade1', 5),
(26, 'Leoni Mcdowell', '0.00', 1, 'Aral Pan', '2018-2019', 'igrade1', 5),
(27, 'Bethanie Cox', '', 1, 'Aral Pan', '2018-2019', 'qgrade1', 5),
(28, 'Elwood Samuels', '', 1, 'Aral Pan', '2018-2019', 'qgrade1', 5),
(29, 'Damian Conrad', '', 1, 'Aral Pan', '2018-2019', 'qgrade1', 5),
(30, 'Eshaan Hines', '', 1, 'Aral Pan', '2018-2019', 'qgrade1', 5),
(31, 'Eileen Pate', '', 1, 'Aral Pan', '2018-2019', 'qgrade1', 5),
(32, 'Anisha Sanders', '', 1, 'Aral Pan', '2018-2019', 'qgrade1', 5),
(33, 'Ronny Whitaker', '', 1, 'Aral Pan', '2018-2019', 'qgrade1', 5),
(34, 'Tayla Plummer', '', 1, 'Aral Pan', '2018-2019', 'qgrade1', 5),
(35, 'Sufyan Pierce', '', 1, 'Aral Pan', '2018-2019', 'qgrade1', 5),
(36, 'Leoni Mcdowell', '', 1, 'Aral Pan', '2018-2019', 'qgrade1', 5),
(37, 'Jacque Cooley', '20', 1, 'Aral Pan', '2018-2019', 'w1', 5),
(38, 'Marina Collier', '', 1, 'Aral Pan', '2018-2019', 'w1', 5),
(39, 'Isaac Mckinney', '', 1, 'Aral Pan', '2018-2019', 'w1', 5),
(40, 'Haroon Leon', '', 1, 'Aral Pan', '2018-2019', 'w1', 5),
(41, 'Beatrice Beltran', '', 1, 'Aral Pan', '2018-2019', 'w1', 5),
(42, 'Riccardo Malone', '', 1, 'Aral Pan', '2018-2019', 'w1', 5),
(43, 'Nikolas Plant', '', 1, 'Aral Pan', '2018-2019', 'w1', 5),
(44, 'Dilan Larson', '', 1, 'Aral Pan', '2018-2019', 'w1', 5),
(45, 'Jacque Cooley', '', 1, 'Aral Pan', '2018-2019', 'w2', 5),
(46, 'Marina Collier', '', 1, 'Aral Pan', '2018-2019', 'w2', 5),
(47, 'Isaac Mckinney', '', 1, 'Aral Pan', '2018-2019', 'w2', 5),
(48, 'Haroon Leon', '', 1, 'Aral Pan', '2018-2019', 'w2', 5),
(49, 'Beatrice Beltran', '', 1, 'Aral Pan', '2018-2019', 'w2', 5),
(50, 'Riccardo Malone', '', 1, 'Aral Pan', '2018-2019', 'w2', 5),
(51, 'Nikolas Plant', '', 1, 'Aral Pan', '2018-2019', 'w2', 5),
(52, 'Dilan Larson', '', 1, 'Aral Pan', '2018-2019', 'w2', 5),
(53, 'Jacque Cooley', '', 1, 'Aral Pan', '2018-2019', 'w3', 5),
(54, 'Marina Collier', '', 1, 'Aral Pan', '2018-2019', 'w3', 5),
(55, 'Isaac Mckinney', '', 1, 'Aral Pan', '2018-2019', 'w3', 5),
(56, 'Haroon Leon', '', 1, 'Aral Pan', '2018-2019', 'w3', 5),
(57, 'Beatrice Beltran', '', 1, 'Aral Pan', '2018-2019', 'w3', 5),
(58, 'Riccardo Malone', '', 1, 'Aral Pan', '2018-2019', 'w3', 5),
(59, 'Nikolas Plant', '', 1, 'Aral Pan', '2018-2019', 'w3', 5),
(60, 'Dilan Larson', '', 1, 'Aral Pan', '2018-2019', 'w3', 5),
(61, 'Jacque Cooley', '', 1, 'Aral Pan', '2018-2019', 'w4', 5),
(62, 'Marina Collier', '', 1, 'Aral Pan', '2018-2019', 'w4', 5),
(63, 'Isaac Mckinney', '', 1, 'Aral Pan', '2018-2019', 'w4', 5),
(64, 'Haroon Leon', '', 1, 'Aral Pan', '2018-2019', 'w4', 5),
(65, 'Beatrice Beltran', '', 1, 'Aral Pan', '2018-2019', 'w4', 5),
(66, 'Riccardo Malone', '', 1, 'Aral Pan', '2018-2019', 'w4', 5),
(67, 'Nikolas Plant', '', 1, 'Aral Pan', '2018-2019', 'w4', 5),
(68, 'Dilan Larson', '', 1, 'Aral Pan', '2018-2019', 'w4', 5),
(69, 'Jacque Cooley', '', 1, 'Aral Pan', '2018-2019', 'w5', 5),
(70, 'Marina Collier', '', 1, 'Aral Pan', '2018-2019', 'w5', 5),
(71, 'Isaac Mckinney', '', 1, 'Aral Pan', '2018-2019', 'w5', 5),
(72, 'Haroon Leon', '', 1, 'Aral Pan', '2018-2019', 'w5', 5),
(73, 'Beatrice Beltran', '', 1, 'Aral Pan', '2018-2019', 'w5', 5),
(74, 'Riccardo Malone', '', 1, 'Aral Pan', '2018-2019', 'w5', 5),
(75, 'Nikolas Plant', '', 1, 'Aral Pan', '2018-2019', 'w5', 5),
(76, 'Dilan Larson', '', 1, 'Aral Pan', '2018-2019', 'w5', 5),
(77, 'Jacque Cooley', '', 1, 'Aral Pan', '2018-2019', 'w6', 5),
(78, 'Marina Collier', '', 1, 'Aral Pan', '2018-2019', 'w6', 5),
(79, 'Isaac Mckinney', '', 1, 'Aral Pan', '2018-2019', 'w6', 5),
(80, 'Haroon Leon', '', 1, 'Aral Pan', '2018-2019', 'w6', 5),
(81, 'Beatrice Beltran', '', 1, 'Aral Pan', '2018-2019', 'w6', 5),
(82, 'Riccardo Malone', '', 1, 'Aral Pan', '2018-2019', 'w6', 5),
(83, 'Nikolas Plant', '', 1, 'Aral Pan', '2018-2019', 'w6', 5),
(84, 'Dilan Larson', '', 1, 'Aral Pan', '2018-2019', 'w6', 5),
(85, 'Jacque Cooley', '', 1, 'Aral Pan', '2018-2019', 'w7', 5),
(86, 'Marina Collier', '', 1, 'Aral Pan', '2018-2019', 'w7', 5),
(87, 'Isaac Mckinney', '', 1, 'Aral Pan', '2018-2019', 'w7', 5),
(88, 'Haroon Leon', '', 1, 'Aral Pan', '2018-2019', 'w7', 5),
(89, 'Beatrice Beltran', '', 1, 'Aral Pan', '2018-2019', 'w7', 5),
(90, 'Riccardo Malone', '', 1, 'Aral Pan', '2018-2019', 'w7', 5),
(91, 'Nikolas Plant', '', 1, 'Aral Pan', '2018-2019', 'w7', 5),
(92, 'Dilan Larson', '', 1, 'Aral Pan', '2018-2019', 'w7', 5),
(93, 'Jacque Cooley', '', 1, 'Aral Pan', '2018-2019', 'w8', 5),
(94, 'Marina Collier', '', 1, 'Aral Pan', '2018-2019', 'w8', 5),
(95, 'Isaac Mckinney', '', 1, 'Aral Pan', '2018-2019', 'w8', 5),
(96, 'Haroon Leon', '', 1, 'Aral Pan', '2018-2019', 'w8', 5),
(97, 'Beatrice Beltran', '', 1, 'Aral Pan', '2018-2019', 'w8', 5),
(98, 'Riccardo Malone', '', 1, 'Aral Pan', '2018-2019', 'w8', 5),
(99, 'Nikolas Plant', '', 1, 'Aral Pan', '2018-2019', 'w8', 5),
(100, 'Dilan Larson', '', 1, 'Aral Pan', '2018-2019', 'w8', 5),
(101, 'Jacque Cooley', '', 1, 'Aral Pan', '2018-2019', 'w9', 5),
(102, 'Marina Collier', '', 1, 'Aral Pan', '2018-2019', 'w9', 5),
(103, 'Isaac Mckinney', '', 1, 'Aral Pan', '2018-2019', 'w9', 5),
(104, 'Haroon Leon', '', 1, 'Aral Pan', '2018-2019', 'w9', 5),
(105, 'Beatrice Beltran', '', 1, 'Aral Pan', '2018-2019', 'w9', 5),
(106, 'Riccardo Malone', '', 1, 'Aral Pan', '2018-2019', 'w9', 5),
(107, 'Nikolas Plant', '', 1, 'Aral Pan', '2018-2019', 'w9', 5),
(108, 'Dilan Larson', '', 1, 'Aral Pan', '2018-2019', 'w9', 5),
(109, 'Jacque Cooley', '', 1, 'Aral Pan', '2018-2019', 'w10', 5),
(110, 'Marina Collier', '', 1, 'Aral Pan', '2018-2019', 'w10', 5),
(111, 'Isaac Mckinney', '', 1, 'Aral Pan', '2018-2019', 'w10', 5),
(112, 'Haroon Leon', '', 1, 'Aral Pan', '2018-2019', 'w10', 5),
(113, 'Beatrice Beltran', '', 1, 'Aral Pan', '2018-2019', 'w10', 5),
(114, 'Riccardo Malone', '', 1, 'Aral Pan', '2018-2019', 'w10', 5),
(115, 'Nikolas Plant', '', 1, 'Aral Pan', '2018-2019', 'w10', 5),
(116, 'Dilan Larson', '', 1, 'Aral Pan', '2018-2019', 'w10', 5),
(117, 'Jacque Cooley', '8', 1, 'Aral Pan', '2018-2019', 'qa1', 5),
(118, 'Marina Collier', '', 1, 'Aral Pan', '2018-2019', 'qa1', 5),
(119, 'Isaac Mckinney', '', 1, 'Aral Pan', '2018-2019', 'qa1', 5),
(120, 'Haroon Leon', '', 1, 'Aral Pan', '2018-2019', 'qa1', 5),
(121, 'Beatrice Beltran', '', 1, 'Aral Pan', '2018-2019', 'qa1', 5),
(122, 'Riccardo Malone', '', 1, 'Aral Pan', '2018-2019', 'qa1', 5),
(123, 'Nikolas Plant', '', 1, 'Aral Pan', '2018-2019', 'qa1', 5),
(124, 'Dilan Larson', '', 1, 'Aral Pan', '2018-2019', 'qa1', 5),
(125, 'Bethanie Cox', '18', 1, 'Aral Pan', '2018-2019', 'gw1', 5),
(126, 'Elwood Samuels', '', 1, 'Aral Pan', '2018-2019', 'gw1', 5),
(127, 'Damian Conrad', '', 1, 'Aral Pan', '2018-2019', 'gw1', 5),
(128, 'Eshaan Hines', '', 1, 'Aral Pan', '2018-2019', 'gw1', 5),
(129, 'Eileen Pate', '', 1, 'Aral Pan', '2018-2019', 'gw1', 5),
(130, 'Anisha Sanders', '', 1, 'Aral Pan', '2018-2019', 'gw1', 5),
(131, 'Ronny Whitaker', '', 1, 'Aral Pan', '2018-2019', 'gw1', 5),
(132, 'Tayla Plummer', '', 1, 'Aral Pan', '2018-2019', 'gw1', 5),
(133, 'Sufyan Pierce', '', 1, 'Aral Pan', '2018-2019', 'gw1', 5),
(134, 'Leoni Mcdowell', '', 1, 'Aral Pan', '2018-2019', 'gw1', 5),
(135, 'Bethanie Cox', '', 1, 'Aral Pan', '2018-2019', 'gw2', 5),
(136, 'Elwood Samuels', '', 1, 'Aral Pan', '2018-2019', 'gw2', 5),
(137, 'Damian Conrad', '', 1, 'Aral Pan', '2018-2019', 'gw2', 5),
(138, 'Eshaan Hines', '', 1, 'Aral Pan', '2018-2019', 'gw2', 5),
(139, 'Eileen Pate', '', 1, 'Aral Pan', '2018-2019', 'gw2', 5),
(140, 'Anisha Sanders', '', 1, 'Aral Pan', '2018-2019', 'gw2', 5),
(141, 'Ronny Whitaker', '', 1, 'Aral Pan', '2018-2019', 'gw2', 5),
(142, 'Tayla Plummer', '', 1, 'Aral Pan', '2018-2019', 'gw2', 5),
(143, 'Sufyan Pierce', '', 1, 'Aral Pan', '2018-2019', 'gw2', 5),
(144, 'Leoni Mcdowell', '', 1, 'Aral Pan', '2018-2019', 'gw2', 5),
(145, 'Bethanie Cox', '', 1, 'Aral Pan', '2018-2019', 'gw3', 5),
(146, 'Elwood Samuels', '', 1, 'Aral Pan', '2018-2019', 'gw3', 5),
(147, 'Damian Conrad', '', 1, 'Aral Pan', '2018-2019', 'gw3', 5),
(148, 'Eshaan Hines', '', 1, 'Aral Pan', '2018-2019', 'gw3', 5),
(149, 'Eileen Pate', '', 1, 'Aral Pan', '2018-2019', 'gw3', 5),
(150, 'Anisha Sanders', '', 1, 'Aral Pan', '2018-2019', 'gw3', 5),
(151, 'Ronny Whitaker', '', 1, 'Aral Pan', '2018-2019', 'gw3', 5),
(152, 'Tayla Plummer', '', 1, 'Aral Pan', '2018-2019', 'gw3', 5),
(153, 'Sufyan Pierce', '', 1, 'Aral Pan', '2018-2019', 'gw3', 5),
(154, 'Leoni Mcdowell', '', 1, 'Aral Pan', '2018-2019', 'gw3', 5),
(155, 'Bethanie Cox', '', 1, 'Aral Pan', '2018-2019', 'gw4', 5),
(156, 'Elwood Samuels', '', 1, 'Aral Pan', '2018-2019', 'gw4', 5),
(157, 'Damian Conrad', '', 1, 'Aral Pan', '2018-2019', 'gw4', 5),
(158, 'Eshaan Hines', '', 1, 'Aral Pan', '2018-2019', 'gw4', 5),
(159, 'Eileen Pate', '', 1, 'Aral Pan', '2018-2019', 'gw4', 5),
(160, 'Anisha Sanders', '', 1, 'Aral Pan', '2018-2019', 'gw4', 5),
(161, 'Ronny Whitaker', '', 1, 'Aral Pan', '2018-2019', 'gw4', 5),
(162, 'Tayla Plummer', '', 1, 'Aral Pan', '2018-2019', 'gw4', 5),
(163, 'Sufyan Pierce', '', 1, 'Aral Pan', '2018-2019', 'gw4', 5),
(164, 'Leoni Mcdowell', '', 1, 'Aral Pan', '2018-2019', 'gw4', 5),
(165, 'Bethanie Cox', '', 1, 'Aral Pan', '2018-2019', 'gw5', 5),
(166, 'Elwood Samuels', '', 1, 'Aral Pan', '2018-2019', 'gw5', 5),
(167, 'Damian Conrad', '', 1, 'Aral Pan', '2018-2019', 'gw5', 5),
(168, 'Eshaan Hines', '', 1, 'Aral Pan', '2018-2019', 'gw5', 5),
(169, 'Eileen Pate', '', 1, 'Aral Pan', '2018-2019', 'gw5', 5),
(170, 'Anisha Sanders', '', 1, 'Aral Pan', '2018-2019', 'gw5', 5),
(171, 'Ronny Whitaker', '', 1, 'Aral Pan', '2018-2019', 'gw5', 5),
(172, 'Tayla Plummer', '', 1, 'Aral Pan', '2018-2019', 'gw5', 5),
(173, 'Sufyan Pierce', '', 1, 'Aral Pan', '2018-2019', 'gw5', 5),
(174, 'Leoni Mcdowell', '', 1, 'Aral Pan', '2018-2019', 'gw5', 5),
(175, 'Bethanie Cox', '', 1, 'Aral Pan', '2018-2019', 'gw6', 5),
(176, 'Elwood Samuels', '', 1, 'Aral Pan', '2018-2019', 'gw6', 5),
(177, 'Damian Conrad', '', 1, 'Aral Pan', '2018-2019', 'gw6', 5),
(178, 'Eshaan Hines', '', 1, 'Aral Pan', '2018-2019', 'gw6', 5),
(179, 'Eileen Pate', '', 1, 'Aral Pan', '2018-2019', 'gw6', 5),
(180, 'Anisha Sanders', '', 1, 'Aral Pan', '2018-2019', 'gw6', 5),
(181, 'Ronny Whitaker', '', 1, 'Aral Pan', '2018-2019', 'gw6', 5),
(182, 'Tayla Plummer', '', 1, 'Aral Pan', '2018-2019', 'gw6', 5),
(183, 'Sufyan Pierce', '', 1, 'Aral Pan', '2018-2019', 'gw6', 5),
(184, 'Leoni Mcdowell', '', 1, 'Aral Pan', '2018-2019', 'gw6', 5),
(185, 'Bethanie Cox', '', 1, 'Aral Pan', '2018-2019', 'gw7', 5),
(186, 'Elwood Samuels', '', 1, 'Aral Pan', '2018-2019', 'gw7', 5),
(187, 'Damian Conrad', '', 1, 'Aral Pan', '2018-2019', 'gw7', 5),
(188, 'Eshaan Hines', '', 1, 'Aral Pan', '2018-2019', 'gw7', 5),
(189, 'Eileen Pate', '', 1, 'Aral Pan', '2018-2019', 'gw7', 5),
(190, 'Anisha Sanders', '', 1, 'Aral Pan', '2018-2019', 'gw7', 5),
(191, 'Ronny Whitaker', '', 1, 'Aral Pan', '2018-2019', 'gw7', 5),
(192, 'Tayla Plummer', '', 1, 'Aral Pan', '2018-2019', 'gw7', 5),
(193, 'Sufyan Pierce', '', 1, 'Aral Pan', '2018-2019', 'gw7', 5),
(194, 'Leoni Mcdowell', '', 1, 'Aral Pan', '2018-2019', 'gw7', 5),
(195, 'Bethanie Cox', '', 1, 'Aral Pan', '2018-2019', 'gw8', 5),
(196, 'Elwood Samuels', '', 1, 'Aral Pan', '2018-2019', 'gw8', 5),
(197, 'Damian Conrad', '', 1, 'Aral Pan', '2018-2019', 'gw8', 5),
(198, 'Eshaan Hines', '', 1, 'Aral Pan', '2018-2019', 'gw8', 5),
(199, 'Eileen Pate', '', 1, 'Aral Pan', '2018-2019', 'gw8', 5),
(200, 'Anisha Sanders', '', 1, 'Aral Pan', '2018-2019', 'gw8', 5),
(201, 'Ronny Whitaker', '', 1, 'Aral Pan', '2018-2019', 'gw8', 5),
(202, 'Tayla Plummer', '', 1, 'Aral Pan', '2018-2019', 'gw8', 5),
(203, 'Sufyan Pierce', '', 1, 'Aral Pan', '2018-2019', 'gw8', 5),
(204, 'Leoni Mcdowell', '', 1, 'Aral Pan', '2018-2019', 'gw8', 5),
(205, 'Bethanie Cox', '', 1, 'Aral Pan', '2018-2019', 'gw9', 5),
(206, 'Elwood Samuels', '', 1, 'Aral Pan', '2018-2019', 'gw9', 5),
(207, 'Damian Conrad', '', 1, 'Aral Pan', '2018-2019', 'gw9', 5),
(208, 'Eshaan Hines', '', 1, 'Aral Pan', '2018-2019', 'gw9', 5),
(209, 'Eileen Pate', '', 1, 'Aral Pan', '2018-2019', 'gw9', 5),
(210, 'Anisha Sanders', '', 1, 'Aral Pan', '2018-2019', 'gw9', 5),
(211, 'Ronny Whitaker', '', 1, 'Aral Pan', '2018-2019', 'gw9', 5),
(212, 'Tayla Plummer', '', 1, 'Aral Pan', '2018-2019', 'gw9', 5),
(213, 'Sufyan Pierce', '', 1, 'Aral Pan', '2018-2019', 'gw9', 5),
(214, 'Leoni Mcdowell', '', 1, 'Aral Pan', '2018-2019', 'gw9', 5),
(215, 'Bethanie Cox', '', 1, 'Aral Pan', '2018-2019', 'gw10', 5),
(216, 'Elwood Samuels', '', 1, 'Aral Pan', '2018-2019', 'gw10', 5),
(217, 'Damian Conrad', '', 1, 'Aral Pan', '2018-2019', 'gw10', 5),
(218, 'Eshaan Hines', '', 1, 'Aral Pan', '2018-2019', 'gw10', 5),
(219, 'Eileen Pate', '', 1, 'Aral Pan', '2018-2019', 'gw10', 5),
(220, 'Anisha Sanders', '', 1, 'Aral Pan', '2018-2019', 'gw10', 5),
(221, 'Ronny Whitaker', '', 1, 'Aral Pan', '2018-2019', 'gw10', 5),
(222, 'Tayla Plummer', '', 1, 'Aral Pan', '2018-2019', 'gw10', 5),
(223, 'Sufyan Pierce', '', 1, 'Aral Pan', '2018-2019', 'gw10', 5),
(224, 'Leoni Mcdowell', '', 1, 'Aral Pan', '2018-2019', 'gw10', 5),
(225, 'Bethanie Cox', '', 1, 'Aral Pan', '2018-2019', 'gqa1', 5),
(226, 'Elwood Samuels', '', 1, 'Aral Pan', '2018-2019', 'gqa1', 5),
(227, 'Damian Conrad', '', 1, 'Aral Pan', '2018-2019', 'gqa1', 5),
(228, 'Eshaan Hines', '', 1, 'Aral Pan', '2018-2019', 'gqa1', 5),
(229, 'Eileen Pate', '', 1, 'Aral Pan', '2018-2019', 'gqa1', 5),
(230, 'Anisha Sanders', '', 1, 'Aral Pan', '2018-2019', 'gqa1', 5),
(231, 'Ronny Whitaker', '', 1, 'Aral Pan', '2018-2019', 'gqa1', 5),
(232, 'Tayla Plummer', '', 1, 'Aral Pan', '2018-2019', 'gqa1', 5),
(233, 'Sufyan Pierce', '', 1, 'Aral Pan', '2018-2019', 'gqa1', 5),
(234, 'Leoni Mcdowell', '', 1, 'Aral Pan', '2018-2019', 'gqa1', 5),
(235, 'Jacque Cooley', '8', 1, 'Aral Pan', '2018-2019', 'pt1', 5),
(236, 'Marina Collier', '', 1, 'Aral Pan', '2018-2019', 'pt1', 5),
(237, 'Isaac Mckinney', '', 1, 'Aral Pan', '2018-2019', 'pt1', 5),
(238, 'Haroon Leon', '', 1, 'Aral Pan', '2018-2019', 'pt1', 5),
(239, 'Beatrice Beltran', '', 1, 'Aral Pan', '2018-2019', 'pt1', 5),
(240, 'Riccardo Malone', '', 1, 'Aral Pan', '2018-2019', 'pt1', 5),
(241, 'Nikolas Plant', '', 1, 'Aral Pan', '2018-2019', 'pt1', 5),
(242, 'Dilan Larson', '', 1, 'Aral Pan', '2018-2019', 'pt1', 5),
(243, 'Jacque Cooley', '', 1, 'Aral Pan', '2018-2019', 'pt2', 5),
(244, 'Marina Collier', '', 1, 'Aral Pan', '2018-2019', 'pt2', 5),
(245, 'Isaac Mckinney', '', 1, 'Aral Pan', '2018-2019', 'pt2', 5),
(246, 'Haroon Leon', '', 1, 'Aral Pan', '2018-2019', 'pt2', 5),
(247, 'Beatrice Beltran', '', 1, 'Aral Pan', '2018-2019', 'pt2', 5),
(248, 'Riccardo Malone', '', 1, 'Aral Pan', '2018-2019', 'pt2', 5),
(249, 'Nikolas Plant', '', 1, 'Aral Pan', '2018-2019', 'pt2', 5),
(250, 'Dilan Larson', '', 1, 'Aral Pan', '2018-2019', 'pt2', 5),
(251, 'Jacque Cooley', '', 1, 'Aral Pan', '2018-2019', 'pt3', 5),
(252, 'Marina Collier', '', 1, 'Aral Pan', '2018-2019', 'pt3', 5),
(253, 'Isaac Mckinney', '', 1, 'Aral Pan', '2018-2019', 'pt3', 5),
(254, 'Haroon Leon', '', 1, 'Aral Pan', '2018-2019', 'pt3', 5),
(255, 'Beatrice Beltran', '', 1, 'Aral Pan', '2018-2019', 'pt3', 5),
(256, 'Riccardo Malone', '', 1, 'Aral Pan', '2018-2019', 'pt3', 5),
(257, 'Nikolas Plant', '', 1, 'Aral Pan', '2018-2019', 'pt3', 5),
(258, 'Dilan Larson', '', 1, 'Aral Pan', '2018-2019', 'pt3', 5),
(259, 'Jacque Cooley', '', 1, 'Aral Pan', '2018-2019', 'pt4', 5),
(260, 'Marina Collier', '', 1, 'Aral Pan', '2018-2019', 'pt4', 5),
(261, 'Isaac Mckinney', '', 1, 'Aral Pan', '2018-2019', 'pt4', 5),
(262, 'Haroon Leon', '', 1, 'Aral Pan', '2018-2019', 'pt4', 5),
(263, 'Beatrice Beltran', '', 1, 'Aral Pan', '2018-2019', 'pt4', 5),
(264, 'Riccardo Malone', '', 1, 'Aral Pan', '2018-2019', 'pt4', 5),
(265, 'Nikolas Plant', '', 1, 'Aral Pan', '2018-2019', 'pt4', 5),
(266, 'Dilan Larson', '', 1, 'Aral Pan', '2018-2019', 'pt4', 5),
(267, 'Jacque Cooley', '', 1, 'Aral Pan', '2018-2019', 'pt5', 5),
(268, 'Marina Collier', '', 1, 'Aral Pan', '2018-2019', 'pt5', 5),
(269, 'Isaac Mckinney', '', 1, 'Aral Pan', '2018-2019', 'pt5', 5),
(270, 'Haroon Leon', '', 1, 'Aral Pan', '2018-2019', 'pt5', 5),
(271, 'Beatrice Beltran', '', 1, 'Aral Pan', '2018-2019', 'pt5', 5),
(272, 'Riccardo Malone', '', 1, 'Aral Pan', '2018-2019', 'pt5', 5),
(273, 'Nikolas Plant', '', 1, 'Aral Pan', '2018-2019', 'pt5', 5),
(274, 'Dilan Larson', '', 1, 'Aral Pan', '2018-2019', 'pt5', 5),
(275, 'Jacque Cooley', '', 1, 'Aral Pan', '2018-2019', 'pt6', 5),
(276, 'Marina Collier', '', 1, 'Aral Pan', '2018-2019', 'pt6', 5),
(277, 'Isaac Mckinney', '', 1, 'Aral Pan', '2018-2019', 'pt6', 5),
(278, 'Haroon Leon', '', 1, 'Aral Pan', '2018-2019', 'pt6', 5),
(279, 'Beatrice Beltran', '', 1, 'Aral Pan', '2018-2019', 'pt6', 5),
(280, 'Riccardo Malone', '', 1, 'Aral Pan', '2018-2019', 'pt6', 5),
(281, 'Nikolas Plant', '', 1, 'Aral Pan', '2018-2019', 'pt6', 5),
(282, 'Dilan Larson', '', 1, 'Aral Pan', '2018-2019', 'pt6', 5),
(283, 'Jacque Cooley', '', 1, 'Aral Pan', '2018-2019', 'pt7', 5),
(284, 'Marina Collier', '', 1, 'Aral Pan', '2018-2019', 'pt7', 5),
(285, 'Isaac Mckinney', '', 1, 'Aral Pan', '2018-2019', 'pt7', 5),
(286, 'Haroon Leon', '', 1, 'Aral Pan', '2018-2019', 'pt7', 5),
(287, 'Beatrice Beltran', '', 1, 'Aral Pan', '2018-2019', 'pt7', 5),
(288, 'Riccardo Malone', '', 1, 'Aral Pan', '2018-2019', 'pt7', 5),
(289, 'Nikolas Plant', '', 1, 'Aral Pan', '2018-2019', 'pt7', 5),
(290, 'Dilan Larson', '', 1, 'Aral Pan', '2018-2019', 'pt7', 5),
(291, 'Jacque Cooley', '', 1, 'Aral Pan', '2018-2019', 'pt8', 5),
(292, 'Marina Collier', '', 1, 'Aral Pan', '2018-2019', 'pt8', 5),
(293, 'Isaac Mckinney', '', 1, 'Aral Pan', '2018-2019', 'pt8', 5),
(294, 'Haroon Leon', '', 1, 'Aral Pan', '2018-2019', 'pt8', 5),
(295, 'Beatrice Beltran', '', 1, 'Aral Pan', '2018-2019', 'pt8', 5),
(296, 'Riccardo Malone', '', 1, 'Aral Pan', '2018-2019', 'pt8', 5),
(297, 'Nikolas Plant', '', 1, 'Aral Pan', '2018-2019', 'pt8', 5),
(298, 'Dilan Larson', '', 1, 'Aral Pan', '2018-2019', 'pt8', 5),
(299, 'Jacque Cooley', '', 1, 'Aral Pan', '2018-2019', 'pt9', 5),
(300, 'Marina Collier', '', 1, 'Aral Pan', '2018-2019', 'pt9', 5),
(301, 'Isaac Mckinney', '', 1, 'Aral Pan', '2018-2019', 'pt9', 5),
(302, 'Haroon Leon', '', 1, 'Aral Pan', '2018-2019', 'pt9', 5),
(303, 'Beatrice Beltran', '', 1, 'Aral Pan', '2018-2019', 'pt9', 5),
(304, 'Riccardo Malone', '', 1, 'Aral Pan', '2018-2019', 'pt9', 5),
(305, 'Nikolas Plant', '', 1, 'Aral Pan', '2018-2019', 'pt9', 5),
(306, 'Dilan Larson', '', 1, 'Aral Pan', '2018-2019', 'pt9', 5),
(307, 'Jacque Cooley', '', 1, 'Aral Pan', '2018-2019', 'pt10', 5),
(308, 'Marina Collier', '', 1, 'Aral Pan', '2018-2019', 'pt10', 5),
(309, 'Isaac Mckinney', '', 1, 'Aral Pan', '2018-2019', 'pt10', 5),
(310, 'Haroon Leon', '', 1, 'Aral Pan', '2018-2019', 'pt10', 5),
(311, 'Beatrice Beltran', '', 1, 'Aral Pan', '2018-2019', 'pt10', 5),
(312, 'Riccardo Malone', '', 1, 'Aral Pan', '2018-2019', 'pt10', 5),
(313, 'Nikolas Plant', '', 1, 'Aral Pan', '2018-2019', 'pt10', 5),
(314, 'Dilan Larson', '', 1, 'Aral Pan', '2018-2019', 'pt10', 5),
(315, 'Bethanie Cox', '', 1, 'Aral Pan', '2018-2019', 'gpt1', 5),
(316, 'Elwood Samuels', '', 1, 'Aral Pan', '2018-2019', 'gpt1', 5),
(317, 'Damian Conrad', '', 1, 'Aral Pan', '2018-2019', 'gpt1', 5),
(318, 'Eshaan Hines', '', 1, 'Aral Pan', '2018-2019', 'gpt1', 5),
(319, 'Eileen Pate', '', 1, 'Aral Pan', '2018-2019', 'gpt1', 5),
(320, 'Anisha Sanders', '', 1, 'Aral Pan', '2018-2019', 'gpt1', 5),
(321, 'Ronny Whitaker', '', 1, 'Aral Pan', '2018-2019', 'gpt1', 5),
(322, 'Tayla Plummer', '', 1, 'Aral Pan', '2018-2019', 'gpt1', 5),
(323, 'Sufyan Pierce', '', 1, 'Aral Pan', '2018-2019', 'gpt1', 5),
(324, 'Leoni Mcdowell', '', 1, 'Aral Pan', '2018-2019', 'gpt1', 5),
(325, 'Bethanie Cox', '', 1, 'Aral Pan', '2018-2019', 'gpt2', 5),
(326, 'Elwood Samuels', '', 1, 'Aral Pan', '2018-2019', 'gpt2', 5),
(327, 'Damian Conrad', '', 1, 'Aral Pan', '2018-2019', 'gpt2', 5),
(328, 'Eshaan Hines', '', 1, 'Aral Pan', '2018-2019', 'gpt2', 5),
(329, 'Eileen Pate', '', 1, 'Aral Pan', '2018-2019', 'gpt2', 5),
(330, 'Anisha Sanders', '', 1, 'Aral Pan', '2018-2019', 'gpt2', 5),
(331, 'Ronny Whitaker', '', 1, 'Aral Pan', '2018-2019', 'gpt2', 5),
(332, 'Tayla Plummer', '', 1, 'Aral Pan', '2018-2019', 'gpt2', 5),
(333, 'Sufyan Pierce', '', 1, 'Aral Pan', '2018-2019', 'gpt2', 5),
(334, 'Leoni Mcdowell', '', 1, 'Aral Pan', '2018-2019', 'gpt2', 5),
(335, 'Bethanie Cox', '', 1, 'Aral Pan', '2018-2019', 'gpt3', 5),
(336, 'Elwood Samuels', '', 1, 'Aral Pan', '2018-2019', 'gpt3', 5),
(337, 'Damian Conrad', '', 1, 'Aral Pan', '2018-2019', 'gpt3', 5),
(338, 'Eshaan Hines', '', 1, 'Aral Pan', '2018-2019', 'gpt3', 5),
(339, 'Eileen Pate', '', 1, 'Aral Pan', '2018-2019', 'gpt3', 5),
(340, 'Anisha Sanders', '', 1, 'Aral Pan', '2018-2019', 'gpt3', 5),
(341, 'Ronny Whitaker', '', 1, 'Aral Pan', '2018-2019', 'gpt3', 5),
(342, 'Tayla Plummer', '', 1, 'Aral Pan', '2018-2019', 'gpt3', 5),
(343, 'Sufyan Pierce', '', 1, 'Aral Pan', '2018-2019', 'gpt3', 5),
(344, 'Leoni Mcdowell', '', 1, 'Aral Pan', '2018-2019', 'gpt3', 5),
(345, 'Bethanie Cox', '', 1, 'Aral Pan', '2018-2019', 'gpt4', 5),
(346, 'Elwood Samuels', '', 1, 'Aral Pan', '2018-2019', 'gpt4', 5),
(347, 'Damian Conrad', '', 1, 'Aral Pan', '2018-2019', 'gpt4', 5),
(348, 'Eshaan Hines', '', 1, 'Aral Pan', '2018-2019', 'gpt4', 5),
(349, 'Eileen Pate', '', 1, 'Aral Pan', '2018-2019', 'gpt4', 5),
(350, 'Anisha Sanders', '', 1, 'Aral Pan', '2018-2019', 'gpt4', 5),
(351, 'Ronny Whitaker', '', 1, 'Aral Pan', '2018-2019', 'gpt4', 5),
(352, 'Tayla Plummer', '', 1, 'Aral Pan', '2018-2019', 'gpt4', 5),
(353, 'Sufyan Pierce', '', 1, 'Aral Pan', '2018-2019', 'gpt4', 5),
(354, 'Leoni Mcdowell', '', 1, 'Aral Pan', '2018-2019', 'gpt4', 5),
(355, 'Bethanie Cox', '', 1, 'Aral Pan', '2018-2019', 'gpt5', 5),
(356, 'Elwood Samuels', '', 1, 'Aral Pan', '2018-2019', 'gpt5', 5),
(357, 'Damian Conrad', '', 1, 'Aral Pan', '2018-2019', 'gpt5', 5),
(358, 'Eshaan Hines', '', 1, 'Aral Pan', '2018-2019', 'gpt5', 5),
(359, 'Eileen Pate', '', 1, 'Aral Pan', '2018-2019', 'gpt5', 5),
(360, 'Anisha Sanders', '', 1, 'Aral Pan', '2018-2019', 'gpt5', 5),
(361, 'Ronny Whitaker', '', 1, 'Aral Pan', '2018-2019', 'gpt5', 5),
(362, 'Tayla Plummer', '', 1, 'Aral Pan', '2018-2019', 'gpt5', 5),
(363, 'Sufyan Pierce', '', 1, 'Aral Pan', '2018-2019', 'gpt5', 5),
(364, 'Leoni Mcdowell', '', 1, 'Aral Pan', '2018-2019', 'gpt5', 5),
(365, 'Bethanie Cox', '', 1, 'Aral Pan', '2018-2019', 'gpt6', 5),
(366, 'Elwood Samuels', '', 1, 'Aral Pan', '2018-2019', 'gpt6', 5),
(367, 'Damian Conrad', '', 1, 'Aral Pan', '2018-2019', 'gpt6', 5),
(368, 'Eshaan Hines', '', 1, 'Aral Pan', '2018-2019', 'gpt6', 5),
(369, 'Eileen Pate', '', 1, 'Aral Pan', '2018-2019', 'gpt6', 5),
(370, 'Anisha Sanders', '', 1, 'Aral Pan', '2018-2019', 'gpt6', 5),
(371, 'Ronny Whitaker', '', 1, 'Aral Pan', '2018-2019', 'gpt6', 5),
(372, 'Tayla Plummer', '', 1, 'Aral Pan', '2018-2019', 'gpt6', 5),
(373, 'Sufyan Pierce', '', 1, 'Aral Pan', '2018-2019', 'gpt6', 5),
(374, 'Leoni Mcdowell', '', 1, 'Aral Pan', '2018-2019', 'gpt6', 5),
(375, 'Bethanie Cox', '', 1, 'Aral Pan', '2018-2019', 'gpt7', 5),
(376, 'Elwood Samuels', '', 1, 'Aral Pan', '2018-2019', 'gpt7', 5),
(377, 'Damian Conrad', '', 1, 'Aral Pan', '2018-2019', 'gpt7', 5),
(378, 'Eshaan Hines', '', 1, 'Aral Pan', '2018-2019', 'gpt7', 5),
(379, 'Eileen Pate', '', 1, 'Aral Pan', '2018-2019', 'gpt7', 5),
(380, 'Anisha Sanders', '', 1, 'Aral Pan', '2018-2019', 'gpt7', 5),
(381, 'Ronny Whitaker', '', 1, 'Aral Pan', '2018-2019', 'gpt7', 5),
(382, 'Tayla Plummer', '', 1, 'Aral Pan', '2018-2019', 'gpt7', 5),
(383, 'Sufyan Pierce', '', 1, 'Aral Pan', '2018-2019', 'gpt7', 5),
(384, 'Leoni Mcdowell', '', 1, 'Aral Pan', '2018-2019', 'gpt7', 5),
(385, 'Bethanie Cox', '', 1, 'Aral Pan', '2018-2019', 'gpt8', 5),
(386, 'Elwood Samuels', '', 1, 'Aral Pan', '2018-2019', 'gpt8', 5),
(387, 'Damian Conrad', '', 1, 'Aral Pan', '2018-2019', 'gpt8', 5),
(388, 'Eshaan Hines', '', 1, 'Aral Pan', '2018-2019', 'gpt8', 5),
(389, 'Eileen Pate', '', 1, 'Aral Pan', '2018-2019', 'gpt8', 5),
(390, 'Anisha Sanders', '', 1, 'Aral Pan', '2018-2019', 'gpt8', 5),
(391, 'Ronny Whitaker', '', 1, 'Aral Pan', '2018-2019', 'gpt8', 5),
(392, 'Tayla Plummer', '', 1, 'Aral Pan', '2018-2019', 'gpt8', 5),
(393, 'Sufyan Pierce', '', 1, 'Aral Pan', '2018-2019', 'gpt8', 5),
(394, 'Leoni Mcdowell', '', 1, 'Aral Pan', '2018-2019', 'gpt8', 5),
(395, 'Bethanie Cox', '', 1, 'Aral Pan', '2018-2019', 'gpt9', 5),
(396, 'Elwood Samuels', '', 1, 'Aral Pan', '2018-2019', 'gpt9', 5),
(397, 'Damian Conrad', '', 1, 'Aral Pan', '2018-2019', 'gpt9', 5),
(398, 'Eshaan Hines', '', 1, 'Aral Pan', '2018-2019', 'gpt9', 5),
(399, 'Eileen Pate', '', 1, 'Aral Pan', '2018-2019', 'gpt9', 5),
(400, 'Anisha Sanders', '', 1, 'Aral Pan', '2018-2019', 'gpt9', 5),
(401, 'Ronny Whitaker', '', 1, 'Aral Pan', '2018-2019', 'gpt9', 5),
(402, 'Tayla Plummer', '', 1, 'Aral Pan', '2018-2019', 'gpt9', 5),
(403, 'Sufyan Pierce', '', 1, 'Aral Pan', '2018-2019', 'gpt9', 5),
(404, 'Leoni Mcdowell', '', 1, 'Aral Pan', '2018-2019', 'gpt9', 5),
(405, 'Bethanie Cox', '', 1, 'Aral Pan', '2018-2019', 'gpt10', 5),
(406, 'Elwood Samuels', '', 1, 'Aral Pan', '2018-2019', 'gpt10', 5),
(407, 'Damian Conrad', '', 1, 'Aral Pan', '2018-2019', 'gpt10', 5),
(408, 'Eshaan Hines', '', 1, 'Aral Pan', '2018-2019', 'gpt10', 5),
(409, 'Eileen Pate', '', 1, 'Aral Pan', '2018-2019', 'gpt10', 5),
(410, 'Anisha Sanders', '', 1, 'Aral Pan', '2018-2019', 'gpt10', 5),
(411, 'Ronny Whitaker', '', 1, 'Aral Pan', '2018-2019', 'gpt10', 5),
(412, 'Tayla Plummer', '', 1, 'Aral Pan', '2018-2019', 'gpt10', 5),
(413, 'Sufyan Pierce', '', 1, 'Aral Pan', '2018-2019', 'gpt10', 5),
(414, 'Leoni Mcdowell', '', 1, 'Aral Pan', '2018-2019', 'gpt10', 5),
(415, 'Jacque Cooley', '0.00', 1, 'Aral Pan', '2016-2017', 'igrade', 5),
(416, 'Marina Collier', '0.00', 1, 'Aral Pan', '2016-2017', 'igrade', 5),
(417, 'Isaac Mckinney', '0.00', 1, 'Aral Pan', '2016-2017', 'igrade', 5),
(418, 'Haroon Leon', '0.00', 1, 'Aral Pan', '2016-2017', 'igrade', 5),
(419, 'Beatrice Beltran', '0.00', 1, 'Aral Pan', '2016-2017', 'igrade', 5),
(420, 'Riccardo Malone', '0.00', 1, 'Aral Pan', '2016-2017', 'igrade', 5),
(421, 'Nikolas Plant', '0.00', 1, 'Aral Pan', '2016-2017', 'igrade', 5),
(422, 'Dilan Larson', '0.00', 1, 'Aral Pan', '2016-2017', 'igrade', 5),
(423, 'Jacque Cooley', '', 1, 'Aral Pan', '2016-2017', 'qgrade', 5),
(424, 'Marina Collier', '', 1, 'Aral Pan', '2016-2017', 'qgrade', 5),
(425, 'Isaac Mckinney', '', 1, 'Aral Pan', '2016-2017', 'qgrade', 5),
(426, 'Haroon Leon', '', 1, 'Aral Pan', '2016-2017', 'qgrade', 5),
(427, 'Beatrice Beltran', '', 1, 'Aral Pan', '2016-2017', 'qgrade', 5),
(428, 'Riccardo Malone', '', 1, 'Aral Pan', '2016-2017', 'qgrade', 5),
(429, 'Nikolas Plant', '', 1, 'Aral Pan', '2016-2017', 'qgrade', 5),
(430, 'Dilan Larson', '', 1, 'Aral Pan', '2016-2017', 'qgrade', 5),
(431, 'Bethanie Cox', '0.00', 1, 'Aral Pan', '2016-2017', 'igrade1', 5),
(432, 'Elwood Samuels', '0.00', 1, 'Aral Pan', '2016-2017', 'igrade1', 5),
(433, 'Damian Conrad', '0.00', 1, 'Aral Pan', '2016-2017', 'igrade1', 5),
(434, 'Eshaan Hines', '0.00', 1, 'Aral Pan', '2016-2017', 'igrade1', 5),
(435, 'Eileen Pate', '0.00', 1, 'Aral Pan', '2016-2017', 'igrade1', 5),
(436, 'Anisha Sanders', '0.00', 1, 'Aral Pan', '2016-2017', 'igrade1', 5),
(437, 'Ronny Whitaker', '0.00', 1, 'Aral Pan', '2016-2017', 'igrade1', 5),
(438, 'Tayla Plummer', '0.00', 1, 'Aral Pan', '2016-2017', 'igrade1', 5),
(439, 'Sufyan Pierce', '0.00', 1, 'Aral Pan', '2016-2017', 'igrade1', 5),
(440, 'Leoni Mcdowell', '0.00', 1, 'Aral Pan', '2016-2017', 'igrade1', 5),
(441, 'Bethanie Cox', '', 1, 'Aral Pan', '2016-2017', 'qgrade1', 5),
(442, 'Elwood Samuels', '', 1, 'Aral Pan', '2016-2017', 'qgrade1', 5),
(443, 'Damian Conrad', '', 1, 'Aral Pan', '2016-2017', 'qgrade1', 5),
(444, 'Eshaan Hines', '', 1, 'Aral Pan', '2016-2017', 'qgrade1', 5),
(445, 'Eileen Pate', '', 1, 'Aral Pan', '2016-2017', 'qgrade1', 5),
(446, 'Anisha Sanders', '', 1, 'Aral Pan', '2016-2017', 'qgrade1', 5),
(447, 'Ronny Whitaker', '', 1, 'Aral Pan', '2016-2017', 'qgrade1', 5),
(448, 'Tayla Plummer', '', 1, 'Aral Pan', '2016-2017', 'qgrade1', 5),
(449, 'Sufyan Pierce', '', 1, 'Aral Pan', '2016-2017', 'qgrade1', 5),
(450, 'Leoni Mcdowell', '', 1, 'Aral Pan', '2016-2017', 'qgrade1', 5),
(451, 'Jacque Cooley', '19', 1, 'Aral Pan', '2016-2017', 'w1', 5),
(452, 'Marina Collier', '', 1, 'Aral Pan', '2016-2017', 'w1', 5),
(453, 'Isaac Mckinney', '', 1, 'Aral Pan', '2016-2017', 'w1', 5),
(454, 'Haroon Leon', '', 1, 'Aral Pan', '2016-2017', 'w1', 5),
(455, 'Beatrice Beltran', '', 1, 'Aral Pan', '2016-2017', 'w1', 5),
(456, 'Riccardo Malone', '', 1, 'Aral Pan', '2016-2017', 'w1', 5),
(457, 'Nikolas Plant', '', 1, 'Aral Pan', '2016-2017', 'w1', 5),
(458, 'Dilan Larson', '', 1, 'Aral Pan', '2016-2017', 'w1', 5),
(459, 'Jacque Cooley', '', 1, 'Aral Pan', '2016-2017', 'w2', 5),
(460, 'Marina Collier', '', 1, 'Aral Pan', '2016-2017', 'w2', 5),
(461, 'Isaac Mckinney', '', 1, 'Aral Pan', '2016-2017', 'w2', 5),
(462, 'Haroon Leon', '', 1, 'Aral Pan', '2016-2017', 'w2', 5),
(463, 'Beatrice Beltran', '', 1, 'Aral Pan', '2016-2017', 'w2', 5),
(464, 'Riccardo Malone', '', 1, 'Aral Pan', '2016-2017', 'w2', 5),
(465, 'Nikolas Plant', '', 1, 'Aral Pan', '2016-2017', 'w2', 5),
(466, 'Dilan Larson', '', 1, 'Aral Pan', '2016-2017', 'w2', 5),
(467, 'Jacque Cooley', '', 1, 'Aral Pan', '2016-2017', 'w3', 5),
(468, 'Marina Collier', '', 1, 'Aral Pan', '2016-2017', 'w3', 5),
(469, 'Isaac Mckinney', '', 1, 'Aral Pan', '2016-2017', 'w3', 5),
(470, 'Haroon Leon', '', 1, 'Aral Pan', '2016-2017', 'w3', 5),
(471, 'Beatrice Beltran', '', 1, 'Aral Pan', '2016-2017', 'w3', 5),
(472, 'Riccardo Malone', '', 1, 'Aral Pan', '2016-2017', 'w3', 5),
(473, 'Nikolas Plant', '', 1, 'Aral Pan', '2016-2017', 'w3', 5),
(474, 'Dilan Larson', '', 1, 'Aral Pan', '2016-2017', 'w3', 5),
(475, 'Jacque Cooley', '', 1, 'Aral Pan', '2016-2017', 'w4', 5),
(476, 'Marina Collier', '', 1, 'Aral Pan', '2016-2017', 'w4', 5),
(477, 'Isaac Mckinney', '', 1, 'Aral Pan', '2016-2017', 'w4', 5),
(478, 'Haroon Leon', '', 1, 'Aral Pan', '2016-2017', 'w4', 5),
(479, 'Beatrice Beltran', '', 1, 'Aral Pan', '2016-2017', 'w4', 5),
(480, 'Riccardo Malone', '', 1, 'Aral Pan', '2016-2017', 'w4', 5),
(481, 'Nikolas Plant', '', 1, 'Aral Pan', '2016-2017', 'w4', 5),
(482, 'Dilan Larson', '', 1, 'Aral Pan', '2016-2017', 'w4', 5),
(483, 'Jacque Cooley', '', 1, 'Aral Pan', '2016-2017', 'w5', 5),
(484, 'Marina Collier', '', 1, 'Aral Pan', '2016-2017', 'w5', 5),
(485, 'Isaac Mckinney', '', 1, 'Aral Pan', '2016-2017', 'w5', 5),
(486, 'Haroon Leon', '', 1, 'Aral Pan', '2016-2017', 'w5', 5),
(487, 'Beatrice Beltran', '', 1, 'Aral Pan', '2016-2017', 'w5', 5),
(488, 'Riccardo Malone', '', 1, 'Aral Pan', '2016-2017', 'w5', 5),
(489, 'Nikolas Plant', '', 1, 'Aral Pan', '2016-2017', 'w5', 5),
(490, 'Dilan Larson', '', 1, 'Aral Pan', '2016-2017', 'w5', 5),
(491, 'Jacque Cooley', '', 1, 'Aral Pan', '2016-2017', 'w6', 5),
(492, 'Marina Collier', '', 1, 'Aral Pan', '2016-2017', 'w6', 5),
(493, 'Isaac Mckinney', '', 1, 'Aral Pan', '2016-2017', 'w6', 5),
(494, 'Haroon Leon', '', 1, 'Aral Pan', '2016-2017', 'w6', 5),
(495, 'Beatrice Beltran', '', 1, 'Aral Pan', '2016-2017', 'w6', 5),
(496, 'Riccardo Malone', '', 1, 'Aral Pan', '2016-2017', 'w6', 5),
(497, 'Nikolas Plant', '', 1, 'Aral Pan', '2016-2017', 'w6', 5),
(498, 'Dilan Larson', '', 1, 'Aral Pan', '2016-2017', 'w6', 5),
(499, 'Jacque Cooley', '', 1, 'Aral Pan', '2016-2017', 'w7', 5),
(500, 'Marina Collier', '', 1, 'Aral Pan', '2016-2017', 'w7', 5),
(501, 'Isaac Mckinney', '', 1, 'Aral Pan', '2016-2017', 'w7', 5),
(502, 'Haroon Leon', '', 1, 'Aral Pan', '2016-2017', 'w7', 5),
(503, 'Beatrice Beltran', '', 1, 'Aral Pan', '2016-2017', 'w7', 5),
(504, 'Riccardo Malone', '', 1, 'Aral Pan', '2016-2017', 'w7', 5),
(505, 'Nikolas Plant', '', 1, 'Aral Pan', '2016-2017', 'w7', 5),
(506, 'Dilan Larson', '', 1, 'Aral Pan', '2016-2017', 'w7', 5),
(507, 'Jacque Cooley', '', 1, 'Aral Pan', '2016-2017', 'w8', 5),
(508, 'Marina Collier', '', 1, 'Aral Pan', '2016-2017', 'w8', 5),
(509, 'Isaac Mckinney', '', 1, 'Aral Pan', '2016-2017', 'w8', 5),
(510, 'Haroon Leon', '', 1, 'Aral Pan', '2016-2017', 'w8', 5),
(511, 'Beatrice Beltran', '', 1, 'Aral Pan', '2016-2017', 'w8', 5),
(512, 'Riccardo Malone', '', 1, 'Aral Pan', '2016-2017', 'w8', 5),
(513, 'Nikolas Plant', '', 1, 'Aral Pan', '2016-2017', 'w8', 5),
(514, 'Dilan Larson', '', 1, 'Aral Pan', '2016-2017', 'w8', 5),
(515, 'Jacque Cooley', '', 1, 'Aral Pan', '2016-2017', 'qa1', 5),
(516, 'Marina Collier', '', 1, 'Aral Pan', '2016-2017', 'qa1', 5),
(517, 'Isaac Mckinney', '', 1, 'Aral Pan', '2016-2017', 'qa1', 5),
(518, 'Haroon Leon', '', 1, 'Aral Pan', '2016-2017', 'qa1', 5),
(519, 'Beatrice Beltran', '', 1, 'Aral Pan', '2016-2017', 'qa1', 5),
(520, 'Riccardo Malone', '', 1, 'Aral Pan', '2016-2017', 'qa1', 5),
(521, 'Nikolas Plant', '', 1, 'Aral Pan', '2016-2017', 'qa1', 5),
(522, 'Dilan Larson', '', 1, 'Aral Pan', '2016-2017', 'qa1', 5),
(523, 'Bethanie Cox', '18', 1, 'Aral Pan', '2016-2017', 'gw1', 5),
(524, 'Elwood Samuels', '', 1, 'Aral Pan', '2016-2017', 'gw1', 5),
(525, 'Damian Conrad', '', 1, 'Aral Pan', '2016-2017', 'gw1', 5),
(526, 'Eshaan Hines', '', 1, 'Aral Pan', '2016-2017', 'gw1', 5),
(527, 'Eileen Pate', '', 1, 'Aral Pan', '2016-2017', 'gw1', 5),
(528, 'Anisha Sanders', '', 1, 'Aral Pan', '2016-2017', 'gw1', 5),
(529, 'Ronny Whitaker', '', 1, 'Aral Pan', '2016-2017', 'gw1', 5),
(530, 'Tayla Plummer', '', 1, 'Aral Pan', '2016-2017', 'gw1', 5),
(531, 'Sufyan Pierce', '', 1, 'Aral Pan', '2016-2017', 'gw1', 5),
(532, 'Leoni Mcdowell', '', 1, 'Aral Pan', '2016-2017', 'gw1', 5),
(533, 'Bethanie Cox', '', 1, 'Aral Pan', '2016-2017', 'gw2', 5),
(534, 'Elwood Samuels', '', 1, 'Aral Pan', '2016-2017', 'gw2', 5),
(535, 'Damian Conrad', '', 1, 'Aral Pan', '2016-2017', 'gw2', 5),
(536, 'Eshaan Hines', '', 1, 'Aral Pan', '2016-2017', 'gw2', 5),
(537, 'Eileen Pate', '', 1, 'Aral Pan', '2016-2017', 'gw2', 5),
(538, 'Anisha Sanders', '', 1, 'Aral Pan', '2016-2017', 'gw2', 5),
(539, 'Ronny Whitaker', '', 1, 'Aral Pan', '2016-2017', 'gw2', 5),
(540, 'Tayla Plummer', '', 1, 'Aral Pan', '2016-2017', 'gw2', 5),
(541, 'Sufyan Pierce', '', 1, 'Aral Pan', '2016-2017', 'gw2', 5),
(542, 'Leoni Mcdowell', '', 1, 'Aral Pan', '2016-2017', 'gw2', 5),
(543, 'Bethanie Cox', '', 1, 'Aral Pan', '2016-2017', 'gw3', 5),
(544, 'Elwood Samuels', '', 1, 'Aral Pan', '2016-2017', 'gw3', 5),
(545, 'Damian Conrad', '', 1, 'Aral Pan', '2016-2017', 'gw3', 5),
(546, 'Eshaan Hines', '', 1, 'Aral Pan', '2016-2017', 'gw3', 5),
(547, 'Eileen Pate', '', 1, 'Aral Pan', '2016-2017', 'gw3', 5),
(548, 'Anisha Sanders', '', 1, 'Aral Pan', '2016-2017', 'gw3', 5),
(549, 'Ronny Whitaker', '', 1, 'Aral Pan', '2016-2017', 'gw3', 5),
(550, 'Tayla Plummer', '', 1, 'Aral Pan', '2016-2017', 'gw3', 5),
(551, 'Sufyan Pierce', '', 1, 'Aral Pan', '2016-2017', 'gw3', 5),
(552, 'Leoni Mcdowell', '', 1, 'Aral Pan', '2016-2017', 'gw3', 5),
(553, 'Bethanie Cox', '', 1, 'Aral Pan', '2016-2017', 'gw4', 5),
(554, 'Elwood Samuels', '', 1, 'Aral Pan', '2016-2017', 'gw4', 5),
(555, 'Damian Conrad', '', 1, 'Aral Pan', '2016-2017', 'gw4', 5),
(556, 'Eshaan Hines', '', 1, 'Aral Pan', '2016-2017', 'gw4', 5),
(557, 'Eileen Pate', '', 1, 'Aral Pan', '2016-2017', 'gw4', 5),
(558, 'Anisha Sanders', '', 1, 'Aral Pan', '2016-2017', 'gw4', 5),
(559, 'Ronny Whitaker', '', 1, 'Aral Pan', '2016-2017', 'gw4', 5),
(560, 'Tayla Plummer', '', 1, 'Aral Pan', '2016-2017', 'gw4', 5),
(561, 'Sufyan Pierce', '', 1, 'Aral Pan', '2016-2017', 'gw4', 5),
(562, 'Leoni Mcdowell', '', 1, 'Aral Pan', '2016-2017', 'gw4', 5),
(563, 'Bethanie Cox', '', 1, 'Aral Pan', '2016-2017', 'gw5', 5),
(564, 'Elwood Samuels', '', 1, 'Aral Pan', '2016-2017', 'gw5', 5),
(565, 'Damian Conrad', '', 1, 'Aral Pan', '2016-2017', 'gw5', 5),
(566, 'Eshaan Hines', '', 1, 'Aral Pan', '2016-2017', 'gw5', 5),
(567, 'Eileen Pate', '', 1, 'Aral Pan', '2016-2017', 'gw5', 5),
(568, 'Anisha Sanders', '', 1, 'Aral Pan', '2016-2017', 'gw5', 5),
(569, 'Ronny Whitaker', '', 1, 'Aral Pan', '2016-2017', 'gw5', 5),
(570, 'Tayla Plummer', '', 1, 'Aral Pan', '2016-2017', 'gw5', 5),
(571, 'Sufyan Pierce', '', 1, 'Aral Pan', '2016-2017', 'gw5', 5),
(572, 'Leoni Mcdowell', '', 1, 'Aral Pan', '2016-2017', 'gw5', 5),
(573, 'Bethanie Cox', '', 1, 'Aral Pan', '2016-2017', 'gw6', 5),
(574, 'Elwood Samuels', '', 1, 'Aral Pan', '2016-2017', 'gw6', 5),
(575, 'Damian Conrad', '', 1, 'Aral Pan', '2016-2017', 'gw6', 5),
(576, 'Eshaan Hines', '', 1, 'Aral Pan', '2016-2017', 'gw6', 5),
(577, 'Eileen Pate', '', 1, 'Aral Pan', '2016-2017', 'gw6', 5),
(578, 'Anisha Sanders', '', 1, 'Aral Pan', '2016-2017', 'gw6', 5),
(579, 'Ronny Whitaker', '', 1, 'Aral Pan', '2016-2017', 'gw6', 5),
(580, 'Tayla Plummer', '', 1, 'Aral Pan', '2016-2017', 'gw6', 5),
(581, 'Sufyan Pierce', '', 1, 'Aral Pan', '2016-2017', 'gw6', 5),
(582, 'Leoni Mcdowell', '', 1, 'Aral Pan', '2016-2017', 'gw6', 5),
(583, 'Bethanie Cox', '', 1, 'Aral Pan', '2016-2017', 'gw7', 5),
(584, 'Elwood Samuels', '', 1, 'Aral Pan', '2016-2017', 'gw7', 5),
(585, 'Damian Conrad', '', 1, 'Aral Pan', '2016-2017', 'gw7', 5),
(586, 'Eshaan Hines', '', 1, 'Aral Pan', '2016-2017', 'gw7', 5),
(587, 'Eileen Pate', '', 1, 'Aral Pan', '2016-2017', 'gw7', 5),
(588, 'Anisha Sanders', '', 1, 'Aral Pan', '2016-2017', 'gw7', 5),
(589, 'Ronny Whitaker', '', 1, 'Aral Pan', '2016-2017', 'gw7', 5),
(590, 'Tayla Plummer', '', 1, 'Aral Pan', '2016-2017', 'gw7', 5),
(591, 'Sufyan Pierce', '', 1, 'Aral Pan', '2016-2017', 'gw7', 5),
(592, 'Leoni Mcdowell', '', 1, 'Aral Pan', '2016-2017', 'gw7', 5),
(593, 'Bethanie Cox', '', 1, 'Aral Pan', '2016-2017', 'gw8', 5),
(594, 'Elwood Samuels', '', 1, 'Aral Pan', '2016-2017', 'gw8', 5),
(595, 'Damian Conrad', '', 1, 'Aral Pan', '2016-2017', 'gw8', 5),
(596, 'Eshaan Hines', '', 1, 'Aral Pan', '2016-2017', 'gw8', 5),
(597, 'Eileen Pate', '', 1, 'Aral Pan', '2016-2017', 'gw8', 5),
(598, 'Anisha Sanders', '', 1, 'Aral Pan', '2016-2017', 'gw8', 5),
(599, 'Ronny Whitaker', '', 1, 'Aral Pan', '2016-2017', 'gw8', 5),
(600, 'Tayla Plummer', '', 1, 'Aral Pan', '2016-2017', 'gw8', 5),
(601, 'Sufyan Pierce', '', 1, 'Aral Pan', '2016-2017', 'gw8', 5),
(602, 'Leoni Mcdowell', '', 1, 'Aral Pan', '2016-2017', 'gw8', 5),
(603, 'Bethanie Cox', '', 1, 'Aral Pan', '2016-2017', 'gqa1', 5),
(604, 'Elwood Samuels', '', 1, 'Aral Pan', '2016-2017', 'gqa1', 5),
(605, 'Damian Conrad', '', 1, 'Aral Pan', '2016-2017', 'gqa1', 5),
(606, 'Eshaan Hines', '', 1, 'Aral Pan', '2016-2017', 'gqa1', 5),
(607, 'Eileen Pate', '', 1, 'Aral Pan', '2016-2017', 'gqa1', 5),
(608, 'Anisha Sanders', '', 1, 'Aral Pan', '2016-2017', 'gqa1', 5),
(609, 'Ronny Whitaker', '', 1, 'Aral Pan', '2016-2017', 'gqa1', 5),
(610, 'Tayla Plummer', '', 1, 'Aral Pan', '2016-2017', 'gqa1', 5),
(611, 'Sufyan Pierce', '', 1, 'Aral Pan', '2016-2017', 'gqa1', 5),
(612, 'Leoni Mcdowell', '', 1, 'Aral Pan', '2016-2017', 'gqa1', 5),
(613, 'Jacque Cooley', '', 1, 'Aral Pan', '2016-2017', 'pt1', 5),
(614, 'Marina Collier', '', 1, 'Aral Pan', '2016-2017', 'pt1', 5),
(615, 'Isaac Mckinney', '', 1, 'Aral Pan', '2016-2017', 'pt1', 5),
(616, 'Haroon Leon', '', 1, 'Aral Pan', '2016-2017', 'pt1', 5),
(617, 'Beatrice Beltran', '', 1, 'Aral Pan', '2016-2017', 'pt1', 5),
(618, 'Riccardo Malone', '', 1, 'Aral Pan', '2016-2017', 'pt1', 5),
(619, 'Nikolas Plant', '', 1, 'Aral Pan', '2016-2017', 'pt1', 5),
(620, 'Dilan Larson', '', 1, 'Aral Pan', '2016-2017', 'pt1', 5),
(621, 'Jacque Cooley', '', 1, 'Aral Pan', '2016-2017', 'pt2', 5),
(622, 'Marina Collier', '', 1, 'Aral Pan', '2016-2017', 'pt2', 5),
(623, 'Isaac Mckinney', '', 1, 'Aral Pan', '2016-2017', 'pt2', 5),
(624, 'Haroon Leon', '', 1, 'Aral Pan', '2016-2017', 'pt2', 5),
(625, 'Beatrice Beltran', '', 1, 'Aral Pan', '2016-2017', 'pt2', 5),
(626, 'Riccardo Malone', '', 1, 'Aral Pan', '2016-2017', 'pt2', 5),
(627, 'Nikolas Plant', '', 1, 'Aral Pan', '2016-2017', 'pt2', 5),
(628, 'Dilan Larson', '', 1, 'Aral Pan', '2016-2017', 'pt2', 5),
(629, 'Jacque Cooley', '', 1, 'Aral Pan', '2016-2017', 'pt3', 5),
(630, 'Marina Collier', '', 1, 'Aral Pan', '2016-2017', 'pt3', 5),
(631, 'Isaac Mckinney', '', 1, 'Aral Pan', '2016-2017', 'pt3', 5),
(632, 'Haroon Leon', '', 1, 'Aral Pan', '2016-2017', 'pt3', 5),
(633, 'Beatrice Beltran', '', 1, 'Aral Pan', '2016-2017', 'pt3', 5),
(634, 'Riccardo Malone', '', 1, 'Aral Pan', '2016-2017', 'pt3', 5),
(635, 'Nikolas Plant', '', 1, 'Aral Pan', '2016-2017', 'pt3', 5),
(636, 'Dilan Larson', '', 1, 'Aral Pan', '2016-2017', 'pt3', 5),
(637, 'Jacque Cooley', '', 1, 'Aral Pan', '2016-2017', 'pt4', 5),
(638, 'Marina Collier', '', 1, 'Aral Pan', '2016-2017', 'pt4', 5),
(639, 'Isaac Mckinney', '', 1, 'Aral Pan', '2016-2017', 'pt4', 5),
(640, 'Haroon Leon', '', 1, 'Aral Pan', '2016-2017', 'pt4', 5),
(641, 'Beatrice Beltran', '', 1, 'Aral Pan', '2016-2017', 'pt4', 5),
(642, 'Riccardo Malone', '', 1, 'Aral Pan', '2016-2017', 'pt4', 5),
(643, 'Nikolas Plant', '', 1, 'Aral Pan', '2016-2017', 'pt4', 5),
(644, 'Dilan Larson', '', 1, 'Aral Pan', '2016-2017', 'pt4', 5),
(645, 'Jacque Cooley', '', 1, 'Aral Pan', '2016-2017', 'pt5', 5),
(646, 'Marina Collier', '', 1, 'Aral Pan', '2016-2017', 'pt5', 5),
(647, 'Isaac Mckinney', '', 1, 'Aral Pan', '2016-2017', 'pt5', 5),
(648, 'Haroon Leon', '', 1, 'Aral Pan', '2016-2017', 'pt5', 5),
(649, 'Beatrice Beltran', '', 1, 'Aral Pan', '2016-2017', 'pt5', 5),
(650, 'Riccardo Malone', '', 1, 'Aral Pan', '2016-2017', 'pt5', 5),
(651, 'Nikolas Plant', '', 1, 'Aral Pan', '2016-2017', 'pt5', 5),
(652, 'Dilan Larson', '', 1, 'Aral Pan', '2016-2017', 'pt5', 5),
(653, 'Jacque Cooley', '', 1, 'Aral Pan', '2016-2017', 'pt6', 5),
(654, 'Marina Collier', '', 1, 'Aral Pan', '2016-2017', 'pt6', 5),
(655, 'Isaac Mckinney', '', 1, 'Aral Pan', '2016-2017', 'pt6', 5),
(656, 'Haroon Leon', '', 1, 'Aral Pan', '2016-2017', 'pt6', 5),
(657, 'Beatrice Beltran', '', 1, 'Aral Pan', '2016-2017', 'pt6', 5),
(658, 'Riccardo Malone', '', 1, 'Aral Pan', '2016-2017', 'pt6', 5),
(659, 'Nikolas Plant', '', 1, 'Aral Pan', '2016-2017', 'pt6', 5),
(660, 'Dilan Larson', '', 1, 'Aral Pan', '2016-2017', 'pt6', 5),
(661, 'Jacque Cooley', '', 1, 'Aral Pan', '2016-2017', 'pt7', 5),
(662, 'Marina Collier', '', 1, 'Aral Pan', '2016-2017', 'pt7', 5),
(663, 'Isaac Mckinney', '', 1, 'Aral Pan', '2016-2017', 'pt7', 5),
(664, 'Haroon Leon', '', 1, 'Aral Pan', '2016-2017', 'pt7', 5),
(665, 'Beatrice Beltran', '', 1, 'Aral Pan', '2016-2017', 'pt7', 5),
(666, 'Riccardo Malone', '', 1, 'Aral Pan', '2016-2017', 'pt7', 5),
(667, 'Nikolas Plant', '', 1, 'Aral Pan', '2016-2017', 'pt7', 5),
(668, 'Dilan Larson', '', 1, 'Aral Pan', '2016-2017', 'pt7', 5),
(669, 'Jacque Cooley', '', 1, 'Aral Pan', '2016-2017', 'pt8', 5),
(670, 'Marina Collier', '', 1, 'Aral Pan', '2016-2017', 'pt8', 5),
(671, 'Isaac Mckinney', '', 1, 'Aral Pan', '2016-2017', 'pt8', 5),
(672, 'Haroon Leon', '', 1, 'Aral Pan', '2016-2017', 'pt8', 5),
(673, 'Beatrice Beltran', '', 1, 'Aral Pan', '2016-2017', 'pt8', 5),
(674, 'Riccardo Malone', '', 1, 'Aral Pan', '2016-2017', 'pt8', 5),
(675, 'Nikolas Plant', '', 1, 'Aral Pan', '2016-2017', 'pt8', 5),
(676, 'Dilan Larson', '', 1, 'Aral Pan', '2016-2017', 'pt8', 5),
(677, 'Bethanie Cox', '', 1, 'Aral Pan', '2016-2017', 'gpt1', 5),
(678, 'Elwood Samuels', '', 1, 'Aral Pan', '2016-2017', 'gpt1', 5),
(679, 'Damian Conrad', '', 1, 'Aral Pan', '2016-2017', 'gpt1', 5),
(680, 'Eshaan Hines', '', 1, 'Aral Pan', '2016-2017', 'gpt1', 5),
(681, 'Eileen Pate', '', 1, 'Aral Pan', '2016-2017', 'gpt1', 5),
(682, 'Anisha Sanders', '', 1, 'Aral Pan', '2016-2017', 'gpt1', 5),
(683, 'Ronny Whitaker', '', 1, 'Aral Pan', '2016-2017', 'gpt1', 5),
(684, 'Tayla Plummer', '', 1, 'Aral Pan', '2016-2017', 'gpt1', 5),
(685, 'Sufyan Pierce', '', 1, 'Aral Pan', '2016-2017', 'gpt1', 5),
(686, 'Leoni Mcdowell', '', 1, 'Aral Pan', '2016-2017', 'gpt1', 5),
(687, 'Bethanie Cox', '', 1, 'Aral Pan', '2016-2017', 'gpt2', 5),
(688, 'Elwood Samuels', '', 1, 'Aral Pan', '2016-2017', 'gpt2', 5),
(689, 'Damian Conrad', '', 1, 'Aral Pan', '2016-2017', 'gpt2', 5),
(690, 'Eshaan Hines', '', 1, 'Aral Pan', '2016-2017', 'gpt2', 5),
(691, 'Eileen Pate', '', 1, 'Aral Pan', '2016-2017', 'gpt2', 5),
(692, 'Anisha Sanders', '', 1, 'Aral Pan', '2016-2017', 'gpt2', 5),
(693, 'Ronny Whitaker', '', 1, 'Aral Pan', '2016-2017', 'gpt2', 5),
(694, 'Tayla Plummer', '', 1, 'Aral Pan', '2016-2017', 'gpt2', 5),
(695, 'Sufyan Pierce', '', 1, 'Aral Pan', '2016-2017', 'gpt2', 5),
(696, 'Leoni Mcdowell', '', 1, 'Aral Pan', '2016-2017', 'gpt2', 5),
(697, 'Bethanie Cox', '', 1, 'Aral Pan', '2016-2017', 'gpt3', 5),
(698, 'Elwood Samuels', '', 1, 'Aral Pan', '2016-2017', 'gpt3', 5),
(699, 'Damian Conrad', '', 1, 'Aral Pan', '2016-2017', 'gpt3', 5),
(700, 'Eshaan Hines', '', 1, 'Aral Pan', '2016-2017', 'gpt3', 5),
(701, 'Eileen Pate', '', 1, 'Aral Pan', '2016-2017', 'gpt3', 5),
(702, 'Anisha Sanders', '', 1, 'Aral Pan', '2016-2017', 'gpt3', 5),
(703, 'Ronny Whitaker', '', 1, 'Aral Pan', '2016-2017', 'gpt3', 5),
(704, 'Tayla Plummer', '', 1, 'Aral Pan', '2016-2017', 'gpt3', 5),
(705, 'Sufyan Pierce', '', 1, 'Aral Pan', '2016-2017', 'gpt3', 5),
(706, 'Leoni Mcdowell', '', 1, 'Aral Pan', '2016-2017', 'gpt3', 5),
(707, 'Bethanie Cox', '', 1, 'Aral Pan', '2016-2017', 'gpt4', 5),
(708, 'Elwood Samuels', '', 1, 'Aral Pan', '2016-2017', 'gpt4', 5),
(709, 'Damian Conrad', '', 1, 'Aral Pan', '2016-2017', 'gpt4', 5),
(710, 'Eshaan Hines', '', 1, 'Aral Pan', '2016-2017', 'gpt4', 5),
(711, 'Eileen Pate', '', 1, 'Aral Pan', '2016-2017', 'gpt4', 5),
(712, 'Anisha Sanders', '', 1, 'Aral Pan', '2016-2017', 'gpt4', 5),
(713, 'Ronny Whitaker', '', 1, 'Aral Pan', '2016-2017', 'gpt4', 5),
(714, 'Tayla Plummer', '', 1, 'Aral Pan', '2016-2017', 'gpt4', 5),
(715, 'Sufyan Pierce', '', 1, 'Aral Pan', '2016-2017', 'gpt4', 5),
(716, 'Leoni Mcdowell', '', 1, 'Aral Pan', '2016-2017', 'gpt4', 5),
(717, 'Bethanie Cox', '', 1, 'Aral Pan', '2016-2017', 'gpt5', 5),
(718, 'Elwood Samuels', '', 1, 'Aral Pan', '2016-2017', 'gpt5', 5),
(719, 'Damian Conrad', '', 1, 'Aral Pan', '2016-2017', 'gpt5', 5),
(720, 'Eshaan Hines', '', 1, 'Aral Pan', '2016-2017', 'gpt5', 5),
(721, 'Eileen Pate', '', 1, 'Aral Pan', '2016-2017', 'gpt5', 5),
(722, 'Anisha Sanders', '', 1, 'Aral Pan', '2016-2017', 'gpt5', 5),
(723, 'Ronny Whitaker', '', 1, 'Aral Pan', '2016-2017', 'gpt5', 5),
(724, 'Tayla Plummer', '', 1, 'Aral Pan', '2016-2017', 'gpt5', 5),
(725, 'Sufyan Pierce', '', 1, 'Aral Pan', '2016-2017', 'gpt5', 5),
(726, 'Leoni Mcdowell', '', 1, 'Aral Pan', '2016-2017', 'gpt5', 5),
(727, 'Bethanie Cox', '', 1, 'Aral Pan', '2016-2017', 'gpt6', 5),
(728, 'Elwood Samuels', '', 1, 'Aral Pan', '2016-2017', 'gpt6', 5),
(729, 'Damian Conrad', '', 1, 'Aral Pan', '2016-2017', 'gpt6', 5),
(730, 'Eshaan Hines', '', 1, 'Aral Pan', '2016-2017', 'gpt6', 5),
(731, 'Eileen Pate', '', 1, 'Aral Pan', '2016-2017', 'gpt6', 5),
(732, 'Anisha Sanders', '', 1, 'Aral Pan', '2016-2017', 'gpt6', 5),
(733, 'Ronny Whitaker', '', 1, 'Aral Pan', '2016-2017', 'gpt6', 5),
(734, 'Tayla Plummer', '', 1, 'Aral Pan', '2016-2017', 'gpt6', 5),
(735, 'Sufyan Pierce', '', 1, 'Aral Pan', '2016-2017', 'gpt6', 5),
(736, 'Leoni Mcdowell', '', 1, 'Aral Pan', '2016-2017', 'gpt6', 5),
(737, 'Bethanie Cox', '', 1, 'Aral Pan', '2016-2017', 'gpt7', 5),
(738, 'Elwood Samuels', '', 1, 'Aral Pan', '2016-2017', 'gpt7', 5),
(739, 'Damian Conrad', '', 1, 'Aral Pan', '2016-2017', 'gpt7', 5),
(740, 'Eshaan Hines', '', 1, 'Aral Pan', '2016-2017', 'gpt7', 5),
(741, 'Eileen Pate', '', 1, 'Aral Pan', '2016-2017', 'gpt7', 5),
(742, 'Anisha Sanders', '', 1, 'Aral Pan', '2016-2017', 'gpt7', 5),
(743, 'Ronny Whitaker', '', 1, 'Aral Pan', '2016-2017', 'gpt7', 5),
(744, 'Tayla Plummer', '', 1, 'Aral Pan', '2016-2017', 'gpt7', 5),
(745, 'Sufyan Pierce', '', 1, 'Aral Pan', '2016-2017', 'gpt7', 5),
(746, 'Leoni Mcdowell', '', 1, 'Aral Pan', '2016-2017', 'gpt7', 5),
(747, 'Bethanie Cox', '', 1, 'Aral Pan', '2016-2017', 'gpt8', 5),
(748, 'Elwood Samuels', '', 1, 'Aral Pan', '2016-2017', 'gpt8', 5),
(749, 'Damian Conrad', '', 1, 'Aral Pan', '2016-2017', 'gpt8', 5),
(750, 'Eshaan Hines', '', 1, 'Aral Pan', '2016-2017', 'gpt8', 5),
(751, 'Eileen Pate', '', 1, 'Aral Pan', '2016-2017', 'gpt8', 5),
(752, 'Anisha Sanders', '', 1, 'Aral Pan', '2016-2017', 'gpt8', 5),
(753, 'Ronny Whitaker', '', 1, 'Aral Pan', '2016-2017', 'gpt8', 5),
(754, 'Tayla Plummer', '', 1, 'Aral Pan', '2016-2017', 'gpt8', 5),
(755, 'Sufyan Pierce', '', 1, 'Aral Pan', '2016-2017', 'gpt8', 5),
(756, 'Leoni Mcdowell', '', 1, 'Aral Pan', '2016-2017', 'gpt8', 5),
(757, 'Jacque Cooley', '12.00', 1, 'Aral Pan', '2018-2019', 'igrade', 2),
(758, 'Marina Collier', '14.00', 1, 'Aral Pan', '2018-2019', 'igrade', 2),
(759, 'Isaac Mckinney', '0.00', 1, 'Aral Pan', '2018-2019', 'igrade', 2),
(760, 'Haroon Leon', '0.00', 1, 'Aral Pan', '2018-2019', 'igrade', 2),
(761, 'Beatrice Beltran', '0.00', 1, 'Aral Pan', '2018-2019', 'igrade', 2),
(762, 'Riccardo Malone', '0.00', 1, 'Aral Pan', '2018-2019', 'igrade', 2),
(763, 'Nikolas Plant', '14.00', 1, 'Aral Pan', '2018-2019', 'igrade', 2),
(764, 'Dilan Larson', '0.00', 1, 'Aral Pan', '2018-2019', 'igrade', 2),
(765, 'Jacque Cooley', '16', 1, 'Aral Pan', '2018-2019', 'qgrade', 2),
(766, 'Marina Collier', '18', 1, 'Aral Pan', '2018-2019', 'qgrade', 2),
(767, 'Isaac Mckinney', '', 1, 'Aral Pan', '2018-2019', 'qgrade', 2),
(768, 'Haroon Leon', '', 1, 'Aral Pan', '2018-2019', 'qgrade', 2),
(769, 'Beatrice Beltran', '', 1, 'Aral Pan', '2018-2019', 'qgrade', 2);
INSERT INTO `test` (`id`, `name`, `score`, `teacher_id`, `subject_name`, `school_year`, `written_num`, `grading`) VALUES
(770, 'Riccardo Malone', '', 1, 'Aral Pan', '2018-2019', 'qgrade', 2),
(771, 'Nikolas Plant', '18', 1, 'Aral Pan', '2018-2019', 'qgrade', 2),
(772, 'Dilan Larson', '', 1, 'Aral Pan', '2018-2019', 'qgrade', 2),
(773, 'Bethanie Cox', '0.00', 1, 'Aral Pan', '2018-2019', 'igrade1', 2),
(774, 'Elwood Samuels', '0.00', 1, 'Aral Pan', '2018-2019', 'igrade1', 2),
(775, 'Damian Conrad', '0.00', 1, 'Aral Pan', '2018-2019', 'igrade1', 2),
(776, 'Eshaan Hines', '0.00', 1, 'Aral Pan', '2018-2019', 'igrade1', 2),
(777, 'Eileen Pate', '0.00', 1, 'Aral Pan', '2018-2019', 'igrade1', 2),
(778, 'Anisha Sanders', '0.00', 1, 'Aral Pan', '2018-2019', 'igrade1', 2),
(779, 'Ronny Whitaker', '0.00', 1, 'Aral Pan', '2018-2019', 'igrade1', 2),
(780, 'Tayla Plummer', '0.00', 1, 'Aral Pan', '2018-2019', 'igrade1', 2),
(781, 'Sufyan Pierce', '0.00', 1, 'Aral Pan', '2018-2019', 'igrade1', 2),
(782, 'Leoni Mcdowell', '0.00', 1, 'Aral Pan', '2018-2019', 'igrade1', 2),
(783, 'Bethanie Cox', '', 1, 'Aral Pan', '2018-2019', 'qgrade1', 2),
(784, 'Elwood Samuels', '', 1, 'Aral Pan', '2018-2019', 'qgrade1', 2),
(785, 'Damian Conrad', '', 1, 'Aral Pan', '2018-2019', 'qgrade1', 2),
(786, 'Eshaan Hines', '', 1, 'Aral Pan', '2018-2019', 'qgrade1', 2),
(787, 'Eileen Pate', '', 1, 'Aral Pan', '2018-2019', 'qgrade1', 2),
(788, 'Anisha Sanders', '', 1, 'Aral Pan', '2018-2019', 'qgrade1', 2),
(789, 'Ronny Whitaker', '', 1, 'Aral Pan', '2018-2019', 'qgrade1', 2),
(790, 'Tayla Plummer', '', 1, 'Aral Pan', '2018-2019', 'qgrade1', 2),
(791, 'Sufyan Pierce', '', 1, 'Aral Pan', '2018-2019', 'qgrade1', 2),
(792, 'Leoni Mcdowell', '', 1, 'Aral Pan', '2018-2019', 'qgrade1', 2),
(793, 'Jacque Cooley', '10', 1, 'Aral Pan', '2018-2019', 'w1', 2),
(794, 'Marina Collier', '10', 1, 'Aral Pan', '2018-2019', 'w1', 2),
(795, 'Isaac Mckinney', '', 1, 'Aral Pan', '2018-2019', 'w1', 2),
(796, 'Haroon Leon', '', 1, 'Aral Pan', '2018-2019', 'w1', 2),
(797, 'Beatrice Beltran', '', 1, 'Aral Pan', '2018-2019', 'w1', 2),
(798, 'Riccardo Malone', '', 1, 'Aral Pan', '2018-2019', 'w1', 2),
(799, 'Nikolas Plant', '10', 1, 'Aral Pan', '2018-2019', 'w1', 2),
(800, 'Dilan Larson', '', 1, 'Aral Pan', '2018-2019', 'w1', 2),
(801, 'Jacque Cooley', '15', 1, 'Aral Pan', '2018-2019', 'w2', 2),
(802, 'Marina Collier', '18', 1, 'Aral Pan', '2018-2019', 'w2', 2),
(803, 'Isaac Mckinney', '', 1, 'Aral Pan', '2018-2019', 'w2', 2),
(804, 'Haroon Leon', '', 1, 'Aral Pan', '2018-2019', 'w2', 2),
(805, 'Beatrice Beltran', '', 1, 'Aral Pan', '2018-2019', 'w2', 2),
(806, 'Riccardo Malone', '', 1, 'Aral Pan', '2018-2019', 'w2', 2),
(807, 'Nikolas Plant', '18', 1, 'Aral Pan', '2018-2019', 'w2', 2),
(808, 'Dilan Larson', '', 1, 'Aral Pan', '2018-2019', 'w2', 2),
(809, 'Jacque Cooley', '', 1, 'Aral Pan', '2018-2019', 'w3', 2),
(810, 'Marina Collier', '', 1, 'Aral Pan', '2018-2019', 'w3', 2),
(811, 'Isaac Mckinney', '', 1, 'Aral Pan', '2018-2019', 'w3', 2),
(812, 'Haroon Leon', '', 1, 'Aral Pan', '2018-2019', 'w3', 2),
(813, 'Beatrice Beltran', '', 1, 'Aral Pan', '2018-2019', 'w3', 2),
(814, 'Riccardo Malone', '', 1, 'Aral Pan', '2018-2019', 'w3', 2),
(815, 'Nikolas Plant', '', 1, 'Aral Pan', '2018-2019', 'w3', 2),
(816, 'Dilan Larson', '', 1, 'Aral Pan', '2018-2019', 'w3', 2),
(817, 'Jacque Cooley', '', 1, 'Aral Pan', '2018-2019', 'w4', 2),
(818, 'Marina Collier', '', 1, 'Aral Pan', '2018-2019', 'w4', 2),
(819, 'Isaac Mckinney', '', 1, 'Aral Pan', '2018-2019', 'w4', 2),
(820, 'Haroon Leon', '', 1, 'Aral Pan', '2018-2019', 'w4', 2),
(821, 'Beatrice Beltran', '', 1, 'Aral Pan', '2018-2019', 'w4', 2),
(822, 'Riccardo Malone', '', 1, 'Aral Pan', '2018-2019', 'w4', 2),
(823, 'Nikolas Plant', '', 1, 'Aral Pan', '2018-2019', 'w4', 2),
(824, 'Dilan Larson', '', 1, 'Aral Pan', '2018-2019', 'w4', 2),
(825, 'Jacque Cooley', '', 1, 'Aral Pan', '2018-2019', 'w5', 2),
(826, 'Marina Collier', '', 1, 'Aral Pan', '2018-2019', 'w5', 2),
(827, 'Isaac Mckinney', '', 1, 'Aral Pan', '2018-2019', 'w5', 2),
(828, 'Haroon Leon', '', 1, 'Aral Pan', '2018-2019', 'w5', 2),
(829, 'Beatrice Beltran', '', 1, 'Aral Pan', '2018-2019', 'w5', 2),
(830, 'Riccardo Malone', '', 1, 'Aral Pan', '2018-2019', 'w5', 2),
(831, 'Nikolas Plant', '', 1, 'Aral Pan', '2018-2019', 'w5', 2),
(832, 'Dilan Larson', '', 1, 'Aral Pan', '2018-2019', 'w5', 2),
(833, 'Jacque Cooley', '', 1, 'Aral Pan', '2018-2019', 'w6', 2),
(834, 'Marina Collier', '', 1, 'Aral Pan', '2018-2019', 'w6', 2),
(835, 'Isaac Mckinney', '', 1, 'Aral Pan', '2018-2019', 'w6', 2),
(836, 'Haroon Leon', '', 1, 'Aral Pan', '2018-2019', 'w6', 2),
(837, 'Beatrice Beltran', '', 1, 'Aral Pan', '2018-2019', 'w6', 2),
(838, 'Riccardo Malone', '', 1, 'Aral Pan', '2018-2019', 'w6', 2),
(839, 'Nikolas Plant', '', 1, 'Aral Pan', '2018-2019', 'w6', 2),
(840, 'Dilan Larson', '', 1, 'Aral Pan', '2018-2019', 'w6', 2),
(841, 'Jacque Cooley', '', 1, 'Aral Pan', '2018-2019', 'w7', 2),
(842, 'Marina Collier', '', 1, 'Aral Pan', '2018-2019', 'w7', 2),
(843, 'Isaac Mckinney', '', 1, 'Aral Pan', '2018-2019', 'w7', 2),
(844, 'Haroon Leon', '', 1, 'Aral Pan', '2018-2019', 'w7', 2),
(845, 'Beatrice Beltran', '', 1, 'Aral Pan', '2018-2019', 'w7', 2),
(846, 'Riccardo Malone', '', 1, 'Aral Pan', '2018-2019', 'w7', 2),
(847, 'Nikolas Plant', '', 1, 'Aral Pan', '2018-2019', 'w7', 2),
(848, 'Dilan Larson', '', 1, 'Aral Pan', '2018-2019', 'w7', 2),
(849, 'Jacque Cooley', '', 1, 'Aral Pan', '2018-2019', 'w8', 2),
(850, 'Marina Collier', '', 1, 'Aral Pan', '2018-2019', 'w8', 2),
(851, 'Isaac Mckinney', '', 1, 'Aral Pan', '2018-2019', 'w8', 2),
(852, 'Haroon Leon', '', 1, 'Aral Pan', '2018-2019', 'w8', 2),
(853, 'Beatrice Beltran', '', 1, 'Aral Pan', '2018-2019', 'w8', 2),
(854, 'Riccardo Malone', '', 1, 'Aral Pan', '2018-2019', 'w8', 2),
(855, 'Nikolas Plant', '', 1, 'Aral Pan', '2018-2019', 'w8', 2),
(856, 'Dilan Larson', '', 1, 'Aral Pan', '2018-2019', 'w8', 2),
(857, 'Jacque Cooley', '', 1, 'Aral Pan', '2018-2019', 'qa1', 2),
(858, 'Marina Collier', '', 1, 'Aral Pan', '2018-2019', 'qa1', 2),
(859, 'Isaac Mckinney', '', 1, 'Aral Pan', '2018-2019', 'qa1', 2),
(860, 'Haroon Leon', '', 1, 'Aral Pan', '2018-2019', 'qa1', 2),
(861, 'Beatrice Beltran', '', 1, 'Aral Pan', '2018-2019', 'qa1', 2),
(862, 'Riccardo Malone', '', 1, 'Aral Pan', '2018-2019', 'qa1', 2),
(863, 'Nikolas Plant', '', 1, 'Aral Pan', '2018-2019', 'qa1', 2),
(864, 'Dilan Larson', '', 1, 'Aral Pan', '2018-2019', 'qa1', 2),
(865, 'Bethanie Cox', '', 1, 'Aral Pan', '2018-2019', 'gw1', 2),
(866, 'Elwood Samuels', '', 1, 'Aral Pan', '2018-2019', 'gw1', 2),
(867, 'Damian Conrad', '', 1, 'Aral Pan', '2018-2019', 'gw1', 2),
(868, 'Eshaan Hines', '', 1, 'Aral Pan', '2018-2019', 'gw1', 2),
(869, 'Eileen Pate', '', 1, 'Aral Pan', '2018-2019', 'gw1', 2),
(870, 'Anisha Sanders', '', 1, 'Aral Pan', '2018-2019', 'gw1', 2),
(871, 'Ronny Whitaker', '', 1, 'Aral Pan', '2018-2019', 'gw1', 2),
(872, 'Tayla Plummer', '', 1, 'Aral Pan', '2018-2019', 'gw1', 2),
(873, 'Sufyan Pierce', '', 1, 'Aral Pan', '2018-2019', 'gw1', 2),
(874, 'Leoni Mcdowell', '', 1, 'Aral Pan', '2018-2019', 'gw1', 2),
(875, 'Bethanie Cox', '', 1, 'Aral Pan', '2018-2019', 'gw2', 2),
(876, 'Elwood Samuels', '', 1, 'Aral Pan', '2018-2019', 'gw2', 2),
(877, 'Damian Conrad', '', 1, 'Aral Pan', '2018-2019', 'gw2', 2),
(878, 'Eshaan Hines', '', 1, 'Aral Pan', '2018-2019', 'gw2', 2),
(879, 'Eileen Pate', '', 1, 'Aral Pan', '2018-2019', 'gw2', 2),
(880, 'Anisha Sanders', '', 1, 'Aral Pan', '2018-2019', 'gw2', 2),
(881, 'Ronny Whitaker', '', 1, 'Aral Pan', '2018-2019', 'gw2', 2),
(882, 'Tayla Plummer', '', 1, 'Aral Pan', '2018-2019', 'gw2', 2),
(883, 'Sufyan Pierce', '', 1, 'Aral Pan', '2018-2019', 'gw2', 2),
(884, 'Leoni Mcdowell', '', 1, 'Aral Pan', '2018-2019', 'gw2', 2),
(885, 'Bethanie Cox', '', 1, 'Aral Pan', '2018-2019', 'gw3', 2),
(886, 'Elwood Samuels', '', 1, 'Aral Pan', '2018-2019', 'gw3', 2),
(887, 'Damian Conrad', '', 1, 'Aral Pan', '2018-2019', 'gw3', 2),
(888, 'Eshaan Hines', '', 1, 'Aral Pan', '2018-2019', 'gw3', 2),
(889, 'Eileen Pate', '', 1, 'Aral Pan', '2018-2019', 'gw3', 2),
(890, 'Anisha Sanders', '', 1, 'Aral Pan', '2018-2019', 'gw3', 2),
(891, 'Ronny Whitaker', '', 1, 'Aral Pan', '2018-2019', 'gw3', 2),
(892, 'Tayla Plummer', '', 1, 'Aral Pan', '2018-2019', 'gw3', 2),
(893, 'Sufyan Pierce', '', 1, 'Aral Pan', '2018-2019', 'gw3', 2),
(894, 'Leoni Mcdowell', '', 1, 'Aral Pan', '2018-2019', 'gw3', 2),
(895, 'Bethanie Cox', '', 1, 'Aral Pan', '2018-2019', 'gw4', 2),
(896, 'Elwood Samuels', '', 1, 'Aral Pan', '2018-2019', 'gw4', 2),
(897, 'Damian Conrad', '', 1, 'Aral Pan', '2018-2019', 'gw4', 2),
(898, 'Eshaan Hines', '', 1, 'Aral Pan', '2018-2019', 'gw4', 2),
(899, 'Eileen Pate', '', 1, 'Aral Pan', '2018-2019', 'gw4', 2),
(900, 'Anisha Sanders', '', 1, 'Aral Pan', '2018-2019', 'gw4', 2),
(901, 'Ronny Whitaker', '', 1, 'Aral Pan', '2018-2019', 'gw4', 2),
(902, 'Tayla Plummer', '', 1, 'Aral Pan', '2018-2019', 'gw4', 2),
(903, 'Sufyan Pierce', '', 1, 'Aral Pan', '2018-2019', 'gw4', 2),
(904, 'Leoni Mcdowell', '', 1, 'Aral Pan', '2018-2019', 'gw4', 2),
(905, 'Bethanie Cox', '', 1, 'Aral Pan', '2018-2019', 'gw5', 2),
(906, 'Elwood Samuels', '', 1, 'Aral Pan', '2018-2019', 'gw5', 2),
(907, 'Damian Conrad', '', 1, 'Aral Pan', '2018-2019', 'gw5', 2),
(908, 'Eshaan Hines', '', 1, 'Aral Pan', '2018-2019', 'gw5', 2),
(909, 'Eileen Pate', '', 1, 'Aral Pan', '2018-2019', 'gw5', 2),
(910, 'Anisha Sanders', '', 1, 'Aral Pan', '2018-2019', 'gw5', 2),
(911, 'Ronny Whitaker', '', 1, 'Aral Pan', '2018-2019', 'gw5', 2),
(912, 'Tayla Plummer', '', 1, 'Aral Pan', '2018-2019', 'gw5', 2),
(913, 'Sufyan Pierce', '', 1, 'Aral Pan', '2018-2019', 'gw5', 2),
(914, 'Leoni Mcdowell', '', 1, 'Aral Pan', '2018-2019', 'gw5', 2),
(915, 'Bethanie Cox', '', 1, 'Aral Pan', '2018-2019', 'gw6', 2),
(916, 'Elwood Samuels', '', 1, 'Aral Pan', '2018-2019', 'gw6', 2),
(917, 'Damian Conrad', '', 1, 'Aral Pan', '2018-2019', 'gw6', 2),
(918, 'Eshaan Hines', '', 1, 'Aral Pan', '2018-2019', 'gw6', 2),
(919, 'Eileen Pate', '', 1, 'Aral Pan', '2018-2019', 'gw6', 2),
(920, 'Anisha Sanders', '', 1, 'Aral Pan', '2018-2019', 'gw6', 2),
(921, 'Ronny Whitaker', '', 1, 'Aral Pan', '2018-2019', 'gw6', 2),
(922, 'Tayla Plummer', '', 1, 'Aral Pan', '2018-2019', 'gw6', 2),
(923, 'Sufyan Pierce', '', 1, 'Aral Pan', '2018-2019', 'gw6', 2),
(924, 'Leoni Mcdowell', '', 1, 'Aral Pan', '2018-2019', 'gw6', 2),
(925, 'Bethanie Cox', '', 1, 'Aral Pan', '2018-2019', 'gw7', 2),
(926, 'Elwood Samuels', '', 1, 'Aral Pan', '2018-2019', 'gw7', 2),
(927, 'Damian Conrad', '', 1, 'Aral Pan', '2018-2019', 'gw7', 2),
(928, 'Eshaan Hines', '', 1, 'Aral Pan', '2018-2019', 'gw7', 2),
(929, 'Eileen Pate', '', 1, 'Aral Pan', '2018-2019', 'gw7', 2),
(930, 'Anisha Sanders', '', 1, 'Aral Pan', '2018-2019', 'gw7', 2),
(931, 'Ronny Whitaker', '', 1, 'Aral Pan', '2018-2019', 'gw7', 2),
(932, 'Tayla Plummer', '', 1, 'Aral Pan', '2018-2019', 'gw7', 2),
(933, 'Sufyan Pierce', '', 1, 'Aral Pan', '2018-2019', 'gw7', 2),
(934, 'Leoni Mcdowell', '', 1, 'Aral Pan', '2018-2019', 'gw7', 2),
(935, 'Bethanie Cox', '', 1, 'Aral Pan', '2018-2019', 'gw8', 2),
(936, 'Elwood Samuels', '', 1, 'Aral Pan', '2018-2019', 'gw8', 2),
(937, 'Damian Conrad', '', 1, 'Aral Pan', '2018-2019', 'gw8', 2),
(938, 'Eshaan Hines', '', 1, 'Aral Pan', '2018-2019', 'gw8', 2),
(939, 'Eileen Pate', '', 1, 'Aral Pan', '2018-2019', 'gw8', 2),
(940, 'Anisha Sanders', '', 1, 'Aral Pan', '2018-2019', 'gw8', 2),
(941, 'Ronny Whitaker', '', 1, 'Aral Pan', '2018-2019', 'gw8', 2),
(942, 'Tayla Plummer', '', 1, 'Aral Pan', '2018-2019', 'gw8', 2),
(943, 'Sufyan Pierce', '', 1, 'Aral Pan', '2018-2019', 'gw8', 2),
(944, 'Leoni Mcdowell', '', 1, 'Aral Pan', '2018-2019', 'gw8', 2),
(945, 'Bethanie Cox', '', 1, 'Aral Pan', '2018-2019', 'gqa1', 2),
(946, 'Elwood Samuels', '', 1, 'Aral Pan', '2018-2019', 'gqa1', 2),
(947, 'Damian Conrad', '', 1, 'Aral Pan', '2018-2019', 'gqa1', 2),
(948, 'Eshaan Hines', '', 1, 'Aral Pan', '2018-2019', 'gqa1', 2),
(949, 'Eileen Pate', '', 1, 'Aral Pan', '2018-2019', 'gqa1', 2),
(950, 'Anisha Sanders', '', 1, 'Aral Pan', '2018-2019', 'gqa1', 2),
(951, 'Ronny Whitaker', '', 1, 'Aral Pan', '2018-2019', 'gqa1', 2),
(952, 'Tayla Plummer', '', 1, 'Aral Pan', '2018-2019', 'gqa1', 2),
(953, 'Sufyan Pierce', '', 1, 'Aral Pan', '2018-2019', 'gqa1', 2),
(954, 'Leoni Mcdowell', '', 1, 'Aral Pan', '2018-2019', 'gqa1', 2),
(955, 'Jacque Cooley', '', 1, 'Aral Pan', '2018-2019', 'pt1', 2),
(956, 'Marina Collier', '', 1, 'Aral Pan', '2018-2019', 'pt1', 2),
(957, 'Isaac Mckinney', '', 1, 'Aral Pan', '2018-2019', 'pt1', 2),
(958, 'Haroon Leon', '', 1, 'Aral Pan', '2018-2019', 'pt1', 2),
(959, 'Beatrice Beltran', '', 1, 'Aral Pan', '2018-2019', 'pt1', 2),
(960, 'Riccardo Malone', '', 1, 'Aral Pan', '2018-2019', 'pt1', 2),
(961, 'Nikolas Plant', '', 1, 'Aral Pan', '2018-2019', 'pt1', 2),
(962, 'Dilan Larson', '', 1, 'Aral Pan', '2018-2019', 'pt1', 2),
(963, 'Jacque Cooley', '', 1, 'Aral Pan', '2018-2019', 'pt2', 2),
(964, 'Marina Collier', '', 1, 'Aral Pan', '2018-2019', 'pt2', 2),
(965, 'Isaac Mckinney', '', 1, 'Aral Pan', '2018-2019', 'pt2', 2),
(966, 'Haroon Leon', '', 1, 'Aral Pan', '2018-2019', 'pt2', 2),
(967, 'Beatrice Beltran', '', 1, 'Aral Pan', '2018-2019', 'pt2', 2),
(968, 'Riccardo Malone', '', 1, 'Aral Pan', '2018-2019', 'pt2', 2),
(969, 'Nikolas Plant', '', 1, 'Aral Pan', '2018-2019', 'pt2', 2),
(970, 'Dilan Larson', '', 1, 'Aral Pan', '2018-2019', 'pt2', 2),
(971, 'Jacque Cooley', '', 1, 'Aral Pan', '2018-2019', 'pt3', 2),
(972, 'Marina Collier', '', 1, 'Aral Pan', '2018-2019', 'pt3', 2),
(973, 'Isaac Mckinney', '', 1, 'Aral Pan', '2018-2019', 'pt3', 2),
(974, 'Haroon Leon', '', 1, 'Aral Pan', '2018-2019', 'pt3', 2),
(975, 'Beatrice Beltran', '', 1, 'Aral Pan', '2018-2019', 'pt3', 2),
(976, 'Riccardo Malone', '', 1, 'Aral Pan', '2018-2019', 'pt3', 2),
(977, 'Nikolas Plant', '', 1, 'Aral Pan', '2018-2019', 'pt3', 2),
(978, 'Dilan Larson', '', 1, 'Aral Pan', '2018-2019', 'pt3', 2),
(979, 'Jacque Cooley', '', 1, 'Aral Pan', '2018-2019', 'pt4', 2),
(980, 'Marina Collier', '', 1, 'Aral Pan', '2018-2019', 'pt4', 2),
(981, 'Isaac Mckinney', '', 1, 'Aral Pan', '2018-2019', 'pt4', 2),
(982, 'Haroon Leon', '', 1, 'Aral Pan', '2018-2019', 'pt4', 2),
(983, 'Beatrice Beltran', '', 1, 'Aral Pan', '2018-2019', 'pt4', 2),
(984, 'Riccardo Malone', '', 1, 'Aral Pan', '2018-2019', 'pt4', 2),
(985, 'Nikolas Plant', '', 1, 'Aral Pan', '2018-2019', 'pt4', 2),
(986, 'Dilan Larson', '', 1, 'Aral Pan', '2018-2019', 'pt4', 2),
(987, 'Jacque Cooley', '', 1, 'Aral Pan', '2018-2019', 'pt5', 2),
(988, 'Marina Collier', '', 1, 'Aral Pan', '2018-2019', 'pt5', 2),
(989, 'Isaac Mckinney', '', 1, 'Aral Pan', '2018-2019', 'pt5', 2),
(990, 'Haroon Leon', '', 1, 'Aral Pan', '2018-2019', 'pt5', 2),
(991, 'Beatrice Beltran', '', 1, 'Aral Pan', '2018-2019', 'pt5', 2),
(992, 'Riccardo Malone', '', 1, 'Aral Pan', '2018-2019', 'pt5', 2),
(993, 'Nikolas Plant', '', 1, 'Aral Pan', '2018-2019', 'pt5', 2),
(994, 'Dilan Larson', '', 1, 'Aral Pan', '2018-2019', 'pt5', 2),
(995, 'Jacque Cooley', '', 1, 'Aral Pan', '2018-2019', 'pt6', 2),
(996, 'Marina Collier', '', 1, 'Aral Pan', '2018-2019', 'pt6', 2),
(997, 'Isaac Mckinney', '', 1, 'Aral Pan', '2018-2019', 'pt6', 2),
(998, 'Haroon Leon', '', 1, 'Aral Pan', '2018-2019', 'pt6', 2),
(999, 'Beatrice Beltran', '', 1, 'Aral Pan', '2018-2019', 'pt6', 2),
(1000, 'Riccardo Malone', '', 1, 'Aral Pan', '2018-2019', 'pt6', 2),
(1001, 'Nikolas Plant', '', 1, 'Aral Pan', '2018-2019', 'pt6', 2),
(1002, 'Dilan Larson', '', 1, 'Aral Pan', '2018-2019', 'pt6', 2),
(1003, 'Jacque Cooley', '', 1, 'Aral Pan', '2018-2019', 'pt7', 2),
(1004, 'Marina Collier', '', 1, 'Aral Pan', '2018-2019', 'pt7', 2),
(1005, 'Isaac Mckinney', '', 1, 'Aral Pan', '2018-2019', 'pt7', 2),
(1006, 'Haroon Leon', '', 1, 'Aral Pan', '2018-2019', 'pt7', 2),
(1007, 'Beatrice Beltran', '', 1, 'Aral Pan', '2018-2019', 'pt7', 2),
(1008, 'Riccardo Malone', '', 1, 'Aral Pan', '2018-2019', 'pt7', 2),
(1009, 'Nikolas Plant', '', 1, 'Aral Pan', '2018-2019', 'pt7', 2),
(1010, 'Dilan Larson', '', 1, 'Aral Pan', '2018-2019', 'pt7', 2),
(1011, 'Jacque Cooley', '', 1, 'Aral Pan', '2018-2019', 'pt8', 2),
(1012, 'Marina Collier', '', 1, 'Aral Pan', '2018-2019', 'pt8', 2),
(1013, 'Isaac Mckinney', '', 1, 'Aral Pan', '2018-2019', 'pt8', 2),
(1014, 'Haroon Leon', '', 1, 'Aral Pan', '2018-2019', 'pt8', 2),
(1015, 'Beatrice Beltran', '', 1, 'Aral Pan', '2018-2019', 'pt8', 2),
(1016, 'Riccardo Malone', '', 1, 'Aral Pan', '2018-2019', 'pt8', 2),
(1017, 'Nikolas Plant', '', 1, 'Aral Pan', '2018-2019', 'pt8', 2),
(1018, 'Dilan Larson', '', 1, 'Aral Pan', '2018-2019', 'pt8', 2),
(1019, 'Bethanie Cox', '', 1, 'Aral Pan', '2018-2019', 'gpt1', 2),
(1020, 'Elwood Samuels', '', 1, 'Aral Pan', '2018-2019', 'gpt1', 2),
(1021, 'Damian Conrad', '', 1, 'Aral Pan', '2018-2019', 'gpt1', 2),
(1022, 'Eshaan Hines', '', 1, 'Aral Pan', '2018-2019', 'gpt1', 2),
(1023, 'Eileen Pate', '', 1, 'Aral Pan', '2018-2019', 'gpt1', 2),
(1024, 'Anisha Sanders', '', 1, 'Aral Pan', '2018-2019', 'gpt1', 2),
(1025, 'Ronny Whitaker', '', 1, 'Aral Pan', '2018-2019', 'gpt1', 2),
(1026, 'Tayla Plummer', '', 1, 'Aral Pan', '2018-2019', 'gpt1', 2),
(1027, 'Sufyan Pierce', '', 1, 'Aral Pan', '2018-2019', 'gpt1', 2),
(1028, 'Leoni Mcdowell', '', 1, 'Aral Pan', '2018-2019', 'gpt1', 2),
(1029, 'Bethanie Cox', '', 1, 'Aral Pan', '2018-2019', 'gpt2', 2),
(1030, 'Elwood Samuels', '', 1, 'Aral Pan', '2018-2019', 'gpt2', 2),
(1031, 'Damian Conrad', '', 1, 'Aral Pan', '2018-2019', 'gpt2', 2),
(1032, 'Eshaan Hines', '', 1, 'Aral Pan', '2018-2019', 'gpt2', 2),
(1033, 'Eileen Pate', '', 1, 'Aral Pan', '2018-2019', 'gpt2', 2),
(1034, 'Anisha Sanders', '', 1, 'Aral Pan', '2018-2019', 'gpt2', 2),
(1035, 'Ronny Whitaker', '', 1, 'Aral Pan', '2018-2019', 'gpt2', 2),
(1036, 'Tayla Plummer', '', 1, 'Aral Pan', '2018-2019', 'gpt2', 2),
(1037, 'Sufyan Pierce', '', 1, 'Aral Pan', '2018-2019', 'gpt2', 2),
(1038, 'Leoni Mcdowell', '', 1, 'Aral Pan', '2018-2019', 'gpt2', 2),
(1039, 'Bethanie Cox', '', 1, 'Aral Pan', '2018-2019', 'gpt3', 2),
(1040, 'Elwood Samuels', '', 1, 'Aral Pan', '2018-2019', 'gpt3', 2),
(1041, 'Damian Conrad', '', 1, 'Aral Pan', '2018-2019', 'gpt3', 2),
(1042, 'Eshaan Hines', '', 1, 'Aral Pan', '2018-2019', 'gpt3', 2),
(1043, 'Eileen Pate', '', 1, 'Aral Pan', '2018-2019', 'gpt3', 2),
(1044, 'Anisha Sanders', '', 1, 'Aral Pan', '2018-2019', 'gpt3', 2),
(1045, 'Ronny Whitaker', '', 1, 'Aral Pan', '2018-2019', 'gpt3', 2),
(1046, 'Tayla Plummer', '', 1, 'Aral Pan', '2018-2019', 'gpt3', 2),
(1047, 'Sufyan Pierce', '', 1, 'Aral Pan', '2018-2019', 'gpt3', 2),
(1048, 'Leoni Mcdowell', '', 1, 'Aral Pan', '2018-2019', 'gpt3', 2),
(1049, 'Bethanie Cox', '', 1, 'Aral Pan', '2018-2019', 'gpt4', 2),
(1050, 'Elwood Samuels', '', 1, 'Aral Pan', '2018-2019', 'gpt4', 2),
(1051, 'Damian Conrad', '', 1, 'Aral Pan', '2018-2019', 'gpt4', 2),
(1052, 'Eshaan Hines', '', 1, 'Aral Pan', '2018-2019', 'gpt4', 2),
(1053, 'Eileen Pate', '', 1, 'Aral Pan', '2018-2019', 'gpt4', 2),
(1054, 'Anisha Sanders', '', 1, 'Aral Pan', '2018-2019', 'gpt4', 2),
(1055, 'Ronny Whitaker', '', 1, 'Aral Pan', '2018-2019', 'gpt4', 2),
(1056, 'Tayla Plummer', '', 1, 'Aral Pan', '2018-2019', 'gpt4', 2),
(1057, 'Sufyan Pierce', '', 1, 'Aral Pan', '2018-2019', 'gpt4', 2),
(1058, 'Leoni Mcdowell', '', 1, 'Aral Pan', '2018-2019', 'gpt4', 2),
(1059, 'Bethanie Cox', '', 1, 'Aral Pan', '2018-2019', 'gpt5', 2),
(1060, 'Elwood Samuels', '', 1, 'Aral Pan', '2018-2019', 'gpt5', 2),
(1061, 'Damian Conrad', '', 1, 'Aral Pan', '2018-2019', 'gpt5', 2),
(1062, 'Eshaan Hines', '', 1, 'Aral Pan', '2018-2019', 'gpt5', 2),
(1063, 'Eileen Pate', '', 1, 'Aral Pan', '2018-2019', 'gpt5', 2),
(1064, 'Anisha Sanders', '', 1, 'Aral Pan', '2018-2019', 'gpt5', 2),
(1065, 'Ronny Whitaker', '', 1, 'Aral Pan', '2018-2019', 'gpt5', 2),
(1066, 'Tayla Plummer', '', 1, 'Aral Pan', '2018-2019', 'gpt5', 2),
(1067, 'Sufyan Pierce', '', 1, 'Aral Pan', '2018-2019', 'gpt5', 2),
(1068, 'Leoni Mcdowell', '', 1, 'Aral Pan', '2018-2019', 'gpt5', 2),
(1069, 'Bethanie Cox', '', 1, 'Aral Pan', '2018-2019', 'gpt6', 2),
(1070, 'Elwood Samuels', '', 1, 'Aral Pan', '2018-2019', 'gpt6', 2),
(1071, 'Damian Conrad', '', 1, 'Aral Pan', '2018-2019', 'gpt6', 2),
(1072, 'Eshaan Hines', '', 1, 'Aral Pan', '2018-2019', 'gpt6', 2),
(1073, 'Eileen Pate', '', 1, 'Aral Pan', '2018-2019', 'gpt6', 2),
(1074, 'Anisha Sanders', '', 1, 'Aral Pan', '2018-2019', 'gpt6', 2),
(1075, 'Ronny Whitaker', '', 1, 'Aral Pan', '2018-2019', 'gpt6', 2),
(1076, 'Tayla Plummer', '', 1, 'Aral Pan', '2018-2019', 'gpt6', 2),
(1077, 'Sufyan Pierce', '', 1, 'Aral Pan', '2018-2019', 'gpt6', 2),
(1078, 'Leoni Mcdowell', '', 1, 'Aral Pan', '2018-2019', 'gpt6', 2),
(1079, 'Bethanie Cox', '', 1, 'Aral Pan', '2018-2019', 'gpt7', 2),
(1080, 'Elwood Samuels', '', 1, 'Aral Pan', '2018-2019', 'gpt7', 2),
(1081, 'Damian Conrad', '', 1, 'Aral Pan', '2018-2019', 'gpt7', 2),
(1082, 'Eshaan Hines', '', 1, 'Aral Pan', '2018-2019', 'gpt7', 2),
(1083, 'Eileen Pate', '', 1, 'Aral Pan', '2018-2019', 'gpt7', 2),
(1084, 'Anisha Sanders', '', 1, 'Aral Pan', '2018-2019', 'gpt7', 2),
(1085, 'Ronny Whitaker', '', 1, 'Aral Pan', '2018-2019', 'gpt7', 2),
(1086, 'Tayla Plummer', '', 1, 'Aral Pan', '2018-2019', 'gpt7', 2),
(1087, 'Sufyan Pierce', '', 1, 'Aral Pan', '2018-2019', 'gpt7', 2),
(1088, 'Leoni Mcdowell', '', 1, 'Aral Pan', '2018-2019', 'gpt7', 2),
(1089, 'Bethanie Cox', '', 1, 'Aral Pan', '2018-2019', 'gpt8', 2),
(1090, 'Elwood Samuels', '', 1, 'Aral Pan', '2018-2019', 'gpt8', 2),
(1091, 'Damian Conrad', '', 1, 'Aral Pan', '2018-2019', 'gpt8', 2),
(1092, 'Eshaan Hines', '', 1, 'Aral Pan', '2018-2019', 'gpt8', 2),
(1093, 'Eileen Pate', '', 1, 'Aral Pan', '2018-2019', 'gpt8', 2),
(1094, 'Anisha Sanders', '', 1, 'Aral Pan', '2018-2019', 'gpt8', 2),
(1095, 'Ronny Whitaker', '', 1, 'Aral Pan', '2018-2019', 'gpt8', 2),
(1096, 'Tayla Plummer', '', 1, 'Aral Pan', '2018-2019', 'gpt8', 2),
(1097, 'Sufyan Pierce', '', 1, 'Aral Pan', '2018-2019', 'gpt8', 2),
(1098, 'Leoni Mcdowell', '', 1, 'Aral Pan', '2018-2019', 'gpt8', 2),
(1099, 'Riccardo Malone', '21.00', 1, 'Aral Pan', '2018-2019', 'igrade', 1),
(1100, 'Nikolas Plant', '2.00', 1, 'Aral Pan', '2018-2019', 'igrade', 1),
(1101, 'Dilan Larson', '10.00', 1, 'Aral Pan', '2018-2019', 'igrade', 1),
(1102, 'Riccardo Malone', '25', 1, 'Aral Pan', '2018-2019', 'qgrade', 1),
(1103, 'Nikolas Plant', '6', 1, 'Aral Pan', '2018-2019', 'qgrade', 1),
(1104, 'Dilan Larson', '14', 1, 'Aral Pan', '2018-2019', 'qgrade', 1),
(1105, 'Ronny Whitaker', '12.00', 1, 'Aral Pan', '2018-2019', 'igrade1', 1),
(1106, 'Tayla Plummer', '14.00', 1, 'Aral Pan', '2018-2019', 'igrade1', 1),
(1107, 'Sufyan Pierce', '16.00', 1, 'Aral Pan', '2018-2019', 'igrade1', 1),
(1108, 'Leoni Mcdowell', '18.00', 1, 'Aral Pan', '2018-2019', 'igrade1', 1),
(1109, 'Ronny Whitaker', '16', 1, 'Aral Pan', '2018-2019', 'qgrade1', 1),
(1110, 'Tayla Plummer', '18', 1, 'Aral Pan', '2018-2019', 'qgrade1', 1),
(1111, 'Sufyan Pierce', '20', 1, 'Aral Pan', '2018-2019', 'qgrade1', 1),
(1112, 'Leoni Mcdowell', '22', 1, 'Aral Pan', '2018-2019', 'qgrade1', 1),
(1113, 'Riccardo Malone', '21', 1, 'Aral Pan', '2018-2019', 'w1', 1),
(1114, 'Nikolas Plant', '2', 1, 'Aral Pan', '2018-2019', 'w1', 1),
(1115, 'Dilan Larson', '10', 1, 'Aral Pan', '2018-2019', 'w1', 1),
(1116, 'Riccardo Malone', '', 1, 'Aral Pan', '2018-2019', 'w2', 1),
(1117, 'Nikolas Plant', '', 1, 'Aral Pan', '2018-2019', 'w2', 1),
(1118, 'Dilan Larson', '', 1, 'Aral Pan', '2018-2019', 'w2', 1),
(1119, 'Riccardo Malone', '', 1, 'Aral Pan', '2018-2019', 'w3', 1),
(1120, 'Nikolas Plant', '', 1, 'Aral Pan', '2018-2019', 'w3', 1),
(1121, 'Dilan Larson', '', 1, 'Aral Pan', '2018-2019', 'w3', 1),
(1122, 'Riccardo Malone', '', 1, 'Aral Pan', '2018-2019', 'w4', 1),
(1123, 'Nikolas Plant', '', 1, 'Aral Pan', '2018-2019', 'w4', 1),
(1124, 'Dilan Larson', '', 1, 'Aral Pan', '2018-2019', 'w4', 1),
(1125, 'Riccardo Malone', '', 1, 'Aral Pan', '2018-2019', 'w5', 1),
(1126, 'Nikolas Plant', '', 1, 'Aral Pan', '2018-2019', 'w5', 1),
(1127, 'Dilan Larson', '', 1, 'Aral Pan', '2018-2019', 'w5', 1),
(1128, 'Riccardo Malone', '', 1, 'Aral Pan', '2018-2019', 'w6', 1),
(1129, 'Nikolas Plant', '', 1, 'Aral Pan', '2018-2019', 'w6', 1),
(1130, 'Dilan Larson', '', 1, 'Aral Pan', '2018-2019', 'w6', 1),
(1131, 'Riccardo Malone', '', 1, 'Aral Pan', '2018-2019', 'w7', 1),
(1132, 'Nikolas Plant', '', 1, 'Aral Pan', '2018-2019', 'w7', 1),
(1133, 'Dilan Larson', '', 1, 'Aral Pan', '2018-2019', 'w7', 1),
(1134, 'Riccardo Malone', '', 1, 'Aral Pan', '2018-2019', 'w8', 1),
(1135, 'Nikolas Plant', '', 1, 'Aral Pan', '2018-2019', 'w8', 1),
(1136, 'Dilan Larson', '', 1, 'Aral Pan', '2018-2019', 'w8', 1),
(1137, 'Riccardo Malone', '', 1, 'Aral Pan', '2018-2019', 'qa1', 1),
(1138, 'Nikolas Plant', '', 1, 'Aral Pan', '2018-2019', 'qa1', 1),
(1139, 'Dilan Larson', '', 1, 'Aral Pan', '2018-2019', 'qa1', 1),
(1140, 'Ronny Whitaker', '12', 1, 'Aral Pan', '2018-2019', 'gw1', 1),
(1141, 'Tayla Plummer', '14', 1, 'Aral Pan', '2018-2019', 'gw1', 1),
(1142, 'Sufyan Pierce', '16', 1, 'Aral Pan', '2018-2019', 'gw1', 1),
(1143, 'Leoni Mcdowell', '18', 1, 'Aral Pan', '2018-2019', 'gw1', 1),
(1144, 'Ronny Whitaker', '', 1, 'Aral Pan', '2018-2019', 'gw2', 1),
(1145, 'Tayla Plummer', '', 1, 'Aral Pan', '2018-2019', 'gw2', 1),
(1146, 'Sufyan Pierce', '', 1, 'Aral Pan', '2018-2019', 'gw2', 1),
(1147, 'Leoni Mcdowell', '', 1, 'Aral Pan', '2018-2019', 'gw2', 1),
(1148, 'Ronny Whitaker', '', 1, 'Aral Pan', '2018-2019', 'gw3', 1),
(1149, 'Tayla Plummer', '', 1, 'Aral Pan', '2018-2019', 'gw3', 1),
(1150, 'Sufyan Pierce', '', 1, 'Aral Pan', '2018-2019', 'gw3', 1),
(1151, 'Leoni Mcdowell', '', 1, 'Aral Pan', '2018-2019', 'gw3', 1),
(1152, 'Ronny Whitaker', '', 1, 'Aral Pan', '2018-2019', 'gw4', 1),
(1153, 'Tayla Plummer', '', 1, 'Aral Pan', '2018-2019', 'gw4', 1),
(1154, 'Sufyan Pierce', '', 1, 'Aral Pan', '2018-2019', 'gw4', 1),
(1155, 'Leoni Mcdowell', '', 1, 'Aral Pan', '2018-2019', 'gw4', 1),
(1156, 'Ronny Whitaker', '', 1, 'Aral Pan', '2018-2019', 'gw5', 1),
(1157, 'Tayla Plummer', '', 1, 'Aral Pan', '2018-2019', 'gw5', 1),
(1158, 'Sufyan Pierce', '', 1, 'Aral Pan', '2018-2019', 'gw5', 1),
(1159, 'Leoni Mcdowell', '', 1, 'Aral Pan', '2018-2019', 'gw5', 1),
(1160, 'Ronny Whitaker', '', 1, 'Aral Pan', '2018-2019', 'gw6', 1),
(1161, 'Tayla Plummer', '', 1, 'Aral Pan', '2018-2019', 'gw6', 1),
(1162, 'Sufyan Pierce', '', 1, 'Aral Pan', '2018-2019', 'gw6', 1),
(1163, 'Leoni Mcdowell', '', 1, 'Aral Pan', '2018-2019', 'gw6', 1),
(1164, 'Ronny Whitaker', '', 1, 'Aral Pan', '2018-2019', 'gw7', 1),
(1165, 'Tayla Plummer', '', 1, 'Aral Pan', '2018-2019', 'gw7', 1),
(1166, 'Sufyan Pierce', '', 1, 'Aral Pan', '2018-2019', 'gw7', 1),
(1167, 'Leoni Mcdowell', '', 1, 'Aral Pan', '2018-2019', 'gw7', 1),
(1168, 'Ronny Whitaker', '', 1, 'Aral Pan', '2018-2019', 'gw8', 1),
(1169, 'Tayla Plummer', '', 1, 'Aral Pan', '2018-2019', 'gw8', 1),
(1170, 'Sufyan Pierce', '', 1, 'Aral Pan', '2018-2019', 'gw8', 1),
(1171, 'Leoni Mcdowell', '', 1, 'Aral Pan', '2018-2019', 'gw8', 1),
(1172, 'Ronny Whitaker', '', 1, 'Aral Pan', '2018-2019', 'gqa1', 1),
(1173, 'Tayla Plummer', '', 1, 'Aral Pan', '2018-2019', 'gqa1', 1),
(1174, 'Sufyan Pierce', '', 1, 'Aral Pan', '2018-2019', 'gqa1', 1),
(1175, 'Leoni Mcdowell', '', 1, 'Aral Pan', '2018-2019', 'gqa1', 1),
(1176, 'Riccardo Malone', '', 1, 'Aral Pan', '2018-2019', 'pt1', 1),
(1177, 'Nikolas Plant', '', 1, 'Aral Pan', '2018-2019', 'pt1', 1),
(1178, 'Dilan Larson', '', 1, 'Aral Pan', '2018-2019', 'pt1', 1),
(1179, 'Riccardo Malone', '', 1, 'Aral Pan', '2018-2019', 'pt2', 1),
(1180, 'Nikolas Plant', '', 1, 'Aral Pan', '2018-2019', 'pt2', 1),
(1181, 'Dilan Larson', '', 1, 'Aral Pan', '2018-2019', 'pt2', 1),
(1182, 'Riccardo Malone', '', 1, 'Aral Pan', '2018-2019', 'pt3', 1),
(1183, 'Nikolas Plant', '', 1, 'Aral Pan', '2018-2019', 'pt3', 1),
(1184, 'Dilan Larson', '', 1, 'Aral Pan', '2018-2019', 'pt3', 1),
(1185, 'Riccardo Malone', '', 1, 'Aral Pan', '2018-2019', 'pt4', 1),
(1186, 'Nikolas Plant', '', 1, 'Aral Pan', '2018-2019', 'pt4', 1),
(1187, 'Dilan Larson', '', 1, 'Aral Pan', '2018-2019', 'pt4', 1),
(1188, 'Riccardo Malone', '', 1, 'Aral Pan', '2018-2019', 'pt5', 1),
(1189, 'Nikolas Plant', '', 1, 'Aral Pan', '2018-2019', 'pt5', 1),
(1190, 'Dilan Larson', '', 1, 'Aral Pan', '2018-2019', 'pt5', 1),
(1191, 'Riccardo Malone', '', 1, 'Aral Pan', '2018-2019', 'pt6', 1),
(1192, 'Nikolas Plant', '', 1, 'Aral Pan', '2018-2019', 'pt6', 1),
(1193, 'Dilan Larson', '', 1, 'Aral Pan', '2018-2019', 'pt6', 1),
(1194, 'Riccardo Malone', '', 1, 'Aral Pan', '2018-2019', 'pt7', 1),
(1195, 'Nikolas Plant', '', 1, 'Aral Pan', '2018-2019', 'pt7', 1),
(1196, 'Dilan Larson', '', 1, 'Aral Pan', '2018-2019', 'pt7', 1),
(1197, 'Riccardo Malone', '', 1, 'Aral Pan', '2018-2019', 'pt8', 1),
(1198, 'Nikolas Plant', '', 1, 'Aral Pan', '2018-2019', 'pt8', 1),
(1199, 'Dilan Larson', '', 1, 'Aral Pan', '2018-2019', 'pt8', 1),
(1200, 'Ronny Whitaker', '', 1, 'Aral Pan', '2018-2019', 'gpt1', 1),
(1201, 'Tayla Plummer', '', 1, 'Aral Pan', '2018-2019', 'gpt1', 1),
(1202, 'Sufyan Pierce', '', 1, 'Aral Pan', '2018-2019', 'gpt1', 1),
(1203, 'Leoni Mcdowell', '', 1, 'Aral Pan', '2018-2019', 'gpt1', 1),
(1204, 'Ronny Whitaker', '', 1, 'Aral Pan', '2018-2019', 'gpt2', 1),
(1205, 'Tayla Plummer', '', 1, 'Aral Pan', '2018-2019', 'gpt2', 1),
(1206, 'Sufyan Pierce', '', 1, 'Aral Pan', '2018-2019', 'gpt2', 1),
(1207, 'Leoni Mcdowell', '', 1, 'Aral Pan', '2018-2019', 'gpt2', 1),
(1208, 'Ronny Whitaker', '', 1, 'Aral Pan', '2018-2019', 'gpt3', 1),
(1209, 'Tayla Plummer', '', 1, 'Aral Pan', '2018-2019', 'gpt3', 1),
(1210, 'Sufyan Pierce', '', 1, 'Aral Pan', '2018-2019', 'gpt3', 1),
(1211, 'Leoni Mcdowell', '', 1, 'Aral Pan', '2018-2019', 'gpt3', 1),
(1212, 'Ronny Whitaker', '', 1, 'Aral Pan', '2018-2019', 'gpt4', 1),
(1213, 'Tayla Plummer', '', 1, 'Aral Pan', '2018-2019', 'gpt4', 1),
(1214, 'Sufyan Pierce', '', 1, 'Aral Pan', '2018-2019', 'gpt4', 1),
(1215, 'Leoni Mcdowell', '', 1, 'Aral Pan', '2018-2019', 'gpt4', 1),
(1216, 'Ronny Whitaker', '', 1, 'Aral Pan', '2018-2019', 'gpt5', 1),
(1217, 'Tayla Plummer', '', 1, 'Aral Pan', '2018-2019', 'gpt5', 1),
(1218, 'Sufyan Pierce', '', 1, 'Aral Pan', '2018-2019', 'gpt5', 1),
(1219, 'Leoni Mcdowell', '', 1, 'Aral Pan', '2018-2019', 'gpt5', 1),
(1220, 'Ronny Whitaker', '', 1, 'Aral Pan', '2018-2019', 'gpt6', 1),
(1221, 'Tayla Plummer', '', 1, 'Aral Pan', '2018-2019', 'gpt6', 1),
(1222, 'Sufyan Pierce', '', 1, 'Aral Pan', '2018-2019', 'gpt6', 1),
(1223, 'Leoni Mcdowell', '', 1, 'Aral Pan', '2018-2019', 'gpt6', 1),
(1224, 'Ronny Whitaker', '', 1, 'Aral Pan', '2018-2019', 'gpt7', 1),
(1225, 'Tayla Plummer', '', 1, 'Aral Pan', '2018-2019', 'gpt7', 1),
(1226, 'Sufyan Pierce', '', 1, 'Aral Pan', '2018-2019', 'gpt7', 1),
(1227, 'Leoni Mcdowell', '', 1, 'Aral Pan', '2018-2019', 'gpt7', 1),
(1228, 'Ronny Whitaker', '', 1, 'Aral Pan', '2018-2019', 'gpt8', 1),
(1229, 'Tayla Plummer', '', 1, 'Aral Pan', '2018-2019', 'gpt8', 1),
(1230, 'Sufyan Pierce', '', 1, 'Aral Pan', '2018-2019', 'gpt8', 1),
(1231, 'Leoni Mcdowell', '', 1, 'Aral Pan', '2018-2019', 'gpt8', 1);

-- --------------------------------------------------------

--
-- Table structure for table `writtenworks`
--

CREATE TABLE `writtenworks` (
  `entry_id` int(10) NOT NULL,
  `highest_score` varchar(10) NOT NULL,
  `number` varchar(10) NOT NULL,
  `teacher_id` varchar(10) NOT NULL,
  `subject_name` varchar(50) NOT NULL
) ENGINE=InnoDB DEFAULT CHARSET=latin1;

--
-- Dumping data for table `writtenworks`
--

INSERT INTO `writtenworks` (`entry_id`, `highest_score`, `number`, `teacher_id`, `subject_name`) VALUES
(11, '10', '1', '1', 'Math');

--
-- Indexes for dumped tables
--

--
-- Indexes for table `classrecord`
--
ALTER TABLE `classrecord`
  ADD PRIMARY KEY (`id_entry`);

--
-- Indexes for table `enrollstudent`
--
ALTER TABLE `enrollstudent`
  ADD PRIMARY KEY (`enroll_id`);

--
-- Indexes for table `highestpossiblescores`
--
ALTER TABLE `highestpossiblescores`
  ADD PRIMARY KEY (`id`);

--
-- Indexes for table `schoolyear`
--
ALTER TABLE `schoolyear`
  ADD PRIMARY KEY (`entry_id`);

--
-- Indexes for table `sub_assign`
--
ALTER TABLE `sub_assign`
  ADD PRIMARY KEY (`assign_id`);

--
-- Indexes for table `tblprincipal`
--
ALTER TABLE `tblprincipal`
  ADD PRIMARY KEY (`principal_id`);

--
-- Indexes for table `tblsubjects`
--
ALTER TABLE `tblsubjects`
  ADD PRIMARY KEY (`subject_id`);

--
-- Indexes for table `tblteacher`
--
ALTER TABLE `tblteacher`
  ADD PRIMARY KEY (`teacher_id`);

--
-- Indexes for table `tbluser`
--
ALTER TABLE `tbluser`
  ADD PRIMARY KEY (`register_id`);

--
-- Indexes for table `test`
--
ALTER TABLE `test`
  ADD PRIMARY KEY (`id`);

--
-- Indexes for table `writtenworks`
--
ALTER TABLE `writtenworks`
  ADD PRIMARY KEY (`entry_id`);

--
-- AUTO_INCREMENT for dumped tables
--

--
-- AUTO_INCREMENT for table `classrecord`
--
ALTER TABLE `classrecord`
  MODIFY `id_entry` int(255) NOT NULL AUTO_INCREMENT, AUTO_INCREMENT=7;
--
-- AUTO_INCREMENT for table `enrollstudent`
--
ALTER TABLE `enrollstudent`
  MODIFY `enroll_id` int(10) NOT NULL AUTO_INCREMENT, AUTO_INCREMENT=151;
--
-- AUTO_INCREMENT for table `highestpossiblescores`
--
ALTER TABLE `highestpossiblescores`
  MODIFY `id` int(10) NOT NULL AUTO_INCREMENT, AUTO_INCREMENT=5;
--
-- AUTO_INCREMENT for table `schoolyear`
--
ALTER TABLE `schoolyear`
  MODIFY `entry_id` int(10) NOT NULL AUTO_INCREMENT, AUTO_INCREMENT=8;
--
-- AUTO_INCREMENT for table `sub_assign`
--
ALTER TABLE `sub_assign`
  MODIFY `assign_id` int(100) NOT NULL AUTO_INCREMENT, AUTO_INCREMENT=62;
--
-- AUTO_INCREMENT for table `tblprincipal`
--
ALTER TABLE `tblprincipal`
  MODIFY `principal_id` int(100) NOT NULL AUTO_INCREMENT, AUTO_INCREMENT=37;
--
-- AUTO_INCREMENT for table `tblsubjects`
--
ALTER TABLE `tblsubjects`
  MODIFY `subject_id` int(10) NOT NULL AUTO_INCREMENT, AUTO_INCREMENT=8;
--
-- AUTO_INCREMENT for table `tblteacher`
--
ALTER TABLE `tblteacher`
  MODIFY `teacher_id` int(100) NOT NULL AUTO_INCREMENT, AUTO_INCREMENT=8;
--
-- AUTO_INCREMENT for table `tbluser`
--
ALTER TABLE `tbluser`
  MODIFY `register_id` int(50) NOT NULL AUTO_INCREMENT, AUTO_INCREMENT=24;
--
-- AUTO_INCREMENT for table `test`
--
ALTER TABLE `test`
  MODIFY `id` int(10) NOT NULL AUTO_INCREMENT, AUTO_INCREMENT=1232;
--
-- AUTO_INCREMENT for table `writtenworks`
--
ALTER TABLE `writtenworks`
  MODIFY `entry_id` int(10) NOT NULL AUTO_INCREMENT, AUTO_INCREMENT=12;
/*!40101 SET CHARACTER_SET_CLIENT=@OLD_CHARACTER_SET_CLIENT */;
/*!40101 SET CHARACTER_SET_RESULTS=@OLD_CHARACTER_SET_RESULTS */;
/*!40101 SET COLLATION_CONNECTION=@OLD_COLLATION_CONNECTION */;
